,ags5,grow_shrink_cities,east_west,labor_market_type,settlement_structure_type_of_labor_market_region,district_settlement_structure,type_of_settlement_structure,urban_rural,metropolitan_region,support_area_status,eligible_area
0,1001,growing above average,west,dense districts with slightly above-average unemployment,sparsely populated rural labor market region,sparsely populated rural district,rural region,rural,99,C,eligible for funding
1,1002,growing,west,metropolitan areas with increased unemployment,urban labor market region,urban urban district,region with urbanization approaches,urban,99,C/D,eligible for funding
2,1003,growing,west,dense districts with slightly above-average unemployment,urban labor market region,urban urban district,region with urbanization approaches,urban,5,C/D,eligible for funding
3,1004,growing,west,dense districts with slightly above-average unemployment,urban labor market region,rural district with consolidation approaches,region with urbanization approaches,rural,5,D,eligible for funding
4,1051,growing,west,dense districts with slightly above-average unemployment,sparsely populated rural labor market region,sparsely populated rural district,rural region,rural,5,C,eligible for funding
5,1053,growing,west,dense districts with slightly below average unemployment,rural labor market region with consolidation approaches,rural district with consolidation approaches,region with urbanization approaches,rural,5,D,eligible for funding
6,1054,growing,west,dense districts with slightly above-average unemployment,sparsely populated rural labor market region,sparsely populated rural district,rural region,rural,99,C,eligible for funding
7,1055,growing above average,west,dense districts with slightly above-average unemployment,urban labor market region,rural district with consolidation approaches,region with urbanization approaches,rural,5,C,eligible for funding
8,1056,growing above average,west,dense districts with slightly below average unemployment,urban labor market region,urban district,region with urbanization approaches,urban,5,C/N,eligible for funding
9,1057,no clear direction of development,west,metropolitan areas with increased unemployment,urban labor market region,rural district with consolidation approaches,region with urbanization approaches,rural,99,D,eligible for funding
10,1058,growing,west,dense districts with slightly above-average unemployment,urban labor market region,rural district with consolidation approaches,region with urbanization approaches,rural,99,D,eligible for funding
11,1059,growing above average,west,dense districts with slightly above-average unemployment,sparsely populated rural labor market region,sparsely populated rural district,rural region,rural,99,C,eligible for funding
12,1060,growing above average,west,dense districts with slightly below average unemployment,urban labor market region,rural district with consolidation approaches,region with urbanization approaches,rural,5,N,not eligible for funding
13,1061,growing,west,dense districts with slightly above-average unemployment,sparsely populated rural labor market region,sparsely populated rural district,rural region,rural,5,C/D,eligible for funding
14,1062,growing above average,west,dense districts with slightly below average unemployment,urban labor market region,urban district,region with urbanization approaches,urban,5,N,not eligible for funding
15,2000,growing,west,metropolitan areas with increased unemployment,urban labor market region,urban urban district,urban region,urban,5,N,not eligible for funding
16,3101,no clear direction of development,west,dense districts with slightly above-average unemployment,urban labor market region,urban urban district,region with urbanization approaches,urban,99,N,not eligible for funding
17,3102,growing,west,dense districts with slightly above-average unemployment,urban labor market region,urban urban district,region with urbanization approaches,urban,99,N,not eligible for funding
18,3103,growing,west,dense districts with slightly below average unemployment,urban labor market region,urban urban district,region with urbanization approaches,urban,99,N,not eligible for funding
19,3151,growing above average,west,dense districts with slightly below average unemployment,urban labor market region,sparsely populated rural district,region with urbanization approaches,rural,99,N,not eligible for funding
20,3153,shrinking,west,dense districts with slightly above-average unemployment,rural labor market region with consolidation approaches,rural district with consolidation approaches,region with urbanization approaches,rural,99,C,eligible for funding
21,3154,growing,west,dense districts with slightly below average unemployment,rural labor market region with consolidation approaches,rural district with consolidation approaches,region with urbanization approaches,rural,99,C,eligible for funding
22,3155,shrinking,west,dense districts with slightly above-average unemployment,sparsely populated rural labor market region,sparsely populated rural district,region with urbanization approaches,rural,99,D,eligible for funding
23,3157,growing,west,dense districts with slightly above-average unemployment,urban labor market region,urban district,region with urbanization approaches,urban,99,N,not eligible for funding
24,3158,growing,west,dense districts with slightly above-average unemployment,urban labor market region,rural district with consolidation approaches,region with urbanization approaches,rural,99,N,not eligible for funding
25,3159,growing,west,dense districts with slightly above-average unemployment,urban labor market region,urban district,region with urbanization approaches,urban,99,C/D,eligible for funding
26,3241,growing,west,metropolitan areas with increased unemployment,urban labor market region,urban district,urban region,urban,99,N,not eligible for funding
27,3251,growing,west,dense districts with slightly below average unemployment,sparsely populated rural labor market region,rural district with consolidation approaches,region with urbanization approaches,rural,99,N,not eligible for funding
28,3252,shrinking,west,dense districts with slightly above-average unemployment,rural labor market region with consolidation approaches,rural district with consolidation approaches,region with urbanization approaches,rural,99,D,eligible for funding
29,3254,growing,west,dense districts with slightly above-average unemployment,urban labor market region,urban district,region with urbanization approaches,urban,99,D,eligible for funding
30,3255,shrinking,west,dense districts with slightly above-average unemployment,sparsely populated rural labor market region,sparsely populated rural district,region with urbanization approaches,rural,99,C,eligible for funding
31,3256,no clear direction of development,west,dense districts with slightly below average unemployment,sparsely populated rural labor market region,sparsely populated rural district,urban region,rural,99,D,eligible for funding
32,3257,growing,west,dense districts with slightly above-average unemployment,urban labor market region,urban district,urban region,urban,99,C,eligible for funding
33,3351,growing,west,dense districts with slightly above-average unemployment,sparsely populated rural labor market region,sparsely populated rural district,rural region,rural,99,D,eligible for funding
34,3352,no clear direction of development,west,dense districts with slightly below average unemployment,rural labor market region with consolidation approaches,sparsely populated rural district,region with urbanization approaches,rural,5,C,eligible for funding
35,3353,growing above average,west,dense districts with slightly below average unemployment,urban labor market region,urban district,rural region,urban,5,N,not eligible for funding
36,3354,shrinking,west,dense districts with slightly below average unemployment,sparsely populated rural labor market region,sparsely populated rural district,rural region,rural,5,C,eligible for funding
37,3355,growing,west,dense districts with slightly below average unemployment,sparsely populated rural labor market region,sparsely populated rural district,rural region,rural,5,D,eligible for funding
38,3356,growing,west,metropolitan areas with very high unemployment,urban labor market region,urban district,region with urbanization approaches,urban,99,D,eligible for funding
39,3357,growing,west,dense districts with slightly below average unemployment,sparsely populated rural labor market region,sparsely populated rural district,rural region,rural,5,N,not eligible for funding
40,3358,growing,west,dense districts with slightly above-average unemployment,sparsely populated rural labor market region,sparsely populated rural district,rural region,rural,5,C,eligible for funding
41,3359,growing,west,dense districts with slightly below average unemployment,rural labor market region with consolidation approaches,rural district with consolidation approaches,rural region,rural,5,N,not eligible for funding
42,3360,no clear direction of development,west,dense districts with slightly below average unemployment,sparsely populated rural labor market region,sparsely populated rural district,rural region,rural,5,C,eligible for funding
43,3361,growing,west,dense districts with slightly below average unemployment,rural labor market region with consolidation approaches,rural district with consolidation approaches,region with urbanization approaches,rural,99,N,not eligible for funding
44,3401,growing,west,dense districts with slightly above-average unemployment,urban labor market region,rural district with consolidation approaches,region with urbanization approaches,rural,99,D,eligible for funding
45,3402,growing,west,dense districts with slightly above-average unemployment,rural labor market region with consolidation approaches,rural district with consolidation approaches,region with urbanization approaches,rural,99,D,eligible for funding
46,3403,growing above average,west,dense districts with slightly above-average unemployment,urban labor market region,urban urban district,region with urbanization approaches,urban,99,D,eligible for funding
47,3404,growing above average,west,dense districts with slightly below average unemployment,urban labor market region,urban urban district,region with urbanization approaches,urban,99,N,not eligible for funding
48,3405,shrinking,west,dense districts with slightly above-average unemployment,urban labor market region,urban district,region with urbanization approaches,urban,99,C,eligible for funding
49,3451,growing above average,west,dense districts with slightly above-average unemployment,urban labor market region,urban district,region with urbanization approaches,urban,99,N,not eligible for funding
50,3452,growing,west,dense districts with slightly above-average unemployment,rural labor market region with consolidation approaches,rural district with consolidation approaches,region with urbanization approaches,rural,99,D,eligible for funding
51,3453,growing,west,"low density, rural districts with a favorable labor market situation and high seasonal dynamics",rural labor market region with consolidation approaches,rural district with consolidation approaches,region with urbanization approaches,rural,99,N,not eligible for funding
52,3454,growing,west,"low density, rural districts with a favorable labor market situation and high seasonal dynamics",sparsely populated rural labor market region,sparsely populated rural district,rural region,rural,99,N,not eligible for funding
53,3455,shrinking,west,dense districts with slightly above-average unemployment,urban labor market region,urban district,region with urbanization approaches,urban,99,C,eligible for funding
54,3456,growing,west,"low density, rural districts with a favorable labor market situation and high seasonal dynamics",sparsely populated rural labor market region,sparsely populated rural district,rural region,rural,99,N,not eligible for funding
55,3457,growing,west,dense districts with slightly above-average unemployment,rural labor market region with consolidation approaches,rural district with consolidation approaches,region with urbanization approaches,rural,99,D,eligible for funding
56,3458,growing above average,west,dense districts with slightly above-average unemployment,urban labor market region,rural district with consolidation approaches,region with urbanization approaches,rural,99,D,eligible for funding
57,3459,growing,west,dense districts with slightly below average unemployment,urban labor market region,rural district with consolidation approaches,region with urbanization approaches,rural,99,N,not eligible for funding
58,3460,growing,west,"low density, rural districts with a favorable labor market situation and high seasonal dynamics",rural labor market region with consolidation approaches,rural district with consolidation approaches,region with urbanization approaches,rural,99,N,not eligible for funding
59,3461,shrinking,west,dense districts with slightly above-average unemployment,sparsely populated rural labor market region,sparsely populated rural district,region with urbanization approaches,rural,99,N,not eligible for funding
60,3462,no clear direction of development,west,dense districts with slightly above-average unemployment,urban labor market region,sparsely populated rural district,region with urbanization approaches,rural,99,C,eligible for funding
61,4011,growing,west,metropolitan areas with very high unemployment,urban labor market region,urban urban district,urban region,urban,99,C/D,eligible for funding
62,4012,growing,west,metropolitan areas with very high unemployment,rural labor market region with consolidation approaches,urban urban district,region with urbanization approaches,urban,99,C,eligible for funding
63,5111,growing,west,metropolitan areas with increased unemployment,urban labor market region,urban urban district,urban region,urban,99,N,not eligible for funding
64,5112,growing,west,metropolitan areas with very high unemployment,urban labor market region,urban urban district,urban region,urban,3,D/N,eligible for funding
65,5113,growing,west,metropolitan areas with very high unemployment,urban labor market region,urban urban district,urban region,urban,3,D/N,eligible for funding
66,5114,growing,west,dense districts with slightly above-average unemployment,urban labor market region,urban urban district,urban region,urban,99,D,eligible for funding
67,5116,growing,west,dense districts with slightly above-average unemployment,urban labor market region,urban urban district,urban region,urban,99,C,eligible for funding
68,5117,growing,west,metropolitan areas with very high unemployment,urban labor market region,urban urban district,urban region,urban,3,D/N,eligible for funding
69,5119,no clear direction of development,west,metropolitan areas with very high unemployment,urban labor market region,urban urban district,urban region,urban,3,D,eligible for funding
70,5120,no clear direction of development,west,metropolitan areas with very high unemployment,urban labor market region,urban urban district,urban region,urban,99,D,eligible for funding
71,5122,growing,west,metropolitan areas with very high unemployment,urban labor market region,urban urban district,urban region,urban,99,D,eligible for funding
72,5124,growing,west,metropolitan areas with very high unemployment,urban labor market region,urban urban district,urban region,urban,99,D,eligible for funding
73,5154,growing,west,dense districts with slightly below average unemployment,urban labor market region,urban district,urban region,urban,99,N,not eligible for funding
74,5158,growing,west,dense districts with slightly below average unemployment,urban labor market region,urban district,urban region,urban,99,N,not eligible for funding
75,5162,growing,west,dense districts with slightly above-average unemployment,urban labor market region,urban district,urban region,urban,6,N,not eligible for funding
76,5166,growing,west,dense districts with slightly above-average unemployment,urban labor market region,urban district,urban region,urban,99,D/N,eligible for funding
77,5170,shrinking,west,dense districts with slightly below average unemployment,urban labor market region,urban district,urban region,urban,3,D,eligible for funding
78,5314,growing,west,metropolitan areas with a favorable labor market situation,urban labor market region,urban urban district,urban region,urban,6,N,not eligible for funding
79,5315,growing above average,west,metropolitan areas with increased unemployment,urban labor market region,urban urban district,urban region,urban,6,N,not eligible for funding
80,5316,no clear direction of development,west,dense districts with slightly below average unemployment,urban labor market region,urban urban district,urban region,urban,6,N,not eligible for funding
81,5334,no clear direction of development,west,dense districts with slightly above-average unemployment,urban labor market region,urban district,urban region,urban,99,D,eligible for funding
82,5358,no clear direction of development,west,dense districts with slightly above-average unemployment,urban labor market region,urban district,urban region,urban,99,N,not eligible for funding
83,5362,growing,west,dense districts with slightly above-average unemployment,urban labor market region,urban district,urban region,urban,6,N,not eligible for funding
84,5366,growing,west,dense districts with slightly above-average unemployment,urban labor market region,urban district,urban region,urban,99,N,not eligible for funding
85,5370,growing,west,dense districts with slightly above-average unemployment,urban labor market region,urban district,urban region,urban,99,D,eligible for funding
86,5374,growing,west,dense districts with slightly below average unemployment,urban labor market region,urban district,urban region,urban,6,N,not eligible for funding
87,5378,growing,west,dense districts with slightly below average unemployment,urban labor market region,urban district,urban region,urban,6,N,not eligible for funding
88,5382,growing,west,metropolitan areas with a favorable labor market situation,urban labor market region,urban district,urban region,urban,6,N,not eligible for funding
89,5512,no clear direction of development,west,metropolitan areas with very high unemployment,urban labor market region,urban urban district,urban region,urban,3,C,eligible for funding
90,5513,no clear direction of development,west,metropolitan areas with very high unemployment,urban labor market region,urban urban district,urban region,urban,3,C,eligible for funding
91,5515,growing above average,west,metropolitan areas with a favorable labor market situation,urban labor market region,urban urban district,region with urbanization approaches,urban,99,N,not eligible for funding
92,5554,growing,west,dense districts with industrial orientation and favorable labor market situation,urban labor market region,urban district,region with urbanization approaches,urban,99,N,not eligible for funding
93,5558,growing,west,dense districts with industrial orientation and favorable labor market situation,urban labor market region,urban district,region with urbanization approaches,urban,99,N,not eligible for funding
94,5562,shrinking,west,metropolitan areas with very high unemployment,urban labor market region,urban district,urban region,urban,3,C/D,eligible for funding
95,5566,growing,west,dense districts with slightly below average unemployment,urban labor market region,urban district,region with urbanization approaches,urban,99,N,not eligible for funding
96,5570,no clear direction of development,west,metropolitan areas with a favorable labor market situation,urban labor market region,urban district,region with urbanization approaches,urban,99,N,not eligible for funding
97,5711,no clear direction of development,west,dense districts with slightly below average unemployment,urban labor market region,urban urban district,urban region,urban,99,D,eligible for funding
98,5754,growing,west,dense districts with slightly below average unemployment,urban labor market region,urban district,urban region,urban,99,N,not eligible for funding
99,5758,growing,west,dense districts with slightly below average unemployment,urban labor market region,urban district,urban region,urban,99,D,eligible for funding
100,5762,shrinking,west,dense districts with slightly below average unemployment,rural labor market region with consolidation approaches,rural district with consolidation approaches,region with urbanization approaches,rural,99,D,eligible for funding
101,5766,no clear direction of development,west,dense districts with slightly above-average unemployment,urban labor market region,urban district,urban region,urban,99,D,eligible for funding
102,5770,growing,west,dense districts with slightly below average unemployment,urban labor market region,urban district,urban region,urban,99,N,not eligible for funding
103,5774,growing,west,dense districts with slightly below average unemployment,urban labor market region,urban district,region with urbanization approaches,urban,99,N,not eligible for funding
104,5911,no clear direction of development,west,metropolitan areas with very high unemployment,urban labor market region,urban urban district,urban region,urban,3,C,eligible for funding
105,5913,growing,west,metropolitan areas with very high unemployment,urban labor market region,urban urban district,urban region,urban,3,C,eligible for funding
106,5914,no clear direction of development,west,dense districts with slightly above-average unemployment,urban labor market region,urban urban district,urban region,urban,3,C,eligible for funding
107,5915,no clear direction of development,west,metropolitan areas with very high unemployment,urban labor market region,urban urban district,urban region,urban,3,D,eligible for funding
108,5916,no clear direction of development,west,metropolitan areas with very high unemployment,urban labor market region,urban urban district,urban region,urban,3,C,eligible for funding
109,5954,no clear direction of development,west,dense districts with slightly above-average unemployment,urban labor market region,urban district,urban region,urban,3,N,not eligible for funding
110,5958,shrinking,west,dense districts with slightly below average unemployment,rural labor market region with consolidation approaches,rural district with consolidation approaches,region with urbanization approaches,rural,99,N,not eligible for funding
111,5962,shrinking above average,west,dense districts with slightly below average unemployment,urban labor market region,urban district,urban region,urban,99,N,not eligible for funding
112,5966,shrinking,west,dense districts with industrial orientation and favorable labor market situation,urban labor market region,urban district,region with urbanization approaches,urban,99,N,not eligible for funding
113,5970,growing,west,dense districts with industrial orientation and favorable labor market situation,urban labor market region,urban district,region with urbanization approaches,urban,99,N,not eligible for funding
114,5974,growing,west,dense districts with slightly below average unemployment,urban labor market region,urban district,region with urbanization approaches,urban,99,N,not eligible for funding
115,5978,shrinking,west,metropolitan areas with very high unemployment,urban labor market region,urban district,urban region,urban,3,C/D,eligible for funding
116,6411,growing above average,west,dense districts with slightly below average unemployment,urban labor market region,urban urban district,urban region,urban,4,N,not eligible for funding
117,6412,growing above average,west,metropolitan areas with increased unemployment,urban labor market region,urban urban district,urban region,urban,4,N,not eligible for funding
118,6413,growing above average,west,dense districts with slightly above-average unemployment,urban labor market region,urban urban district,urban region,urban,4,N,not eligible for funding
119,6414,growing,west,metropolitan areas with a favorable labor market situation,urban labor market region,urban urban district,urban region,urban,4,N,not eligible for funding
120,6431,growing,west,dense districts with slightly below average unemployment,urban labor market region,urban district,urban region,urban,4,N,not eligible for funding
121,6432,growing,west,dense districts with slightly below average unemployment,urban labor market region,urban district,urban region,urban,4,N,not eligible for funding
122,6433,growing,west,metropolitan areas with a favorable labor market situation,urban labor market region,urban district,urban region,urban,4,N,not eligible for funding
123,6434,growing,west,metropolitan areas with a favorable labor market situation,urban labor market region,urban district,urban region,urban,4,N,not eligible for funding
124,6435,growing,west,dense districts with slightly below average unemployment,urban labor market region,urban district,urban region,urban,4,N,not eligible for funding
125,6436,growing,west,metropolitan areas with a favorable labor market situation,urban labor market region,urban district,urban region,urban,4,N,not eligible for funding
126,6437,shrinking,west,dense districts with slightly below average unemployment,urban labor market region,urban district,urban region,urban,4,N,not eligible for funding
127,6438,growing above average,west,dense districts with slightly above-average unemployment,urban labor market region,urban district,urban region,urban,4,N,not eligible for funding
128,6439,growing,west,metropolitan areas with a favorable labor market situation,urban labor market region,urban district,urban region,urban,4,N,not eligible for funding
129,6440,growing,west,dense districts with slightly below average unemployment,urban labor market region,urban district,urban region,urban,4,N,not eligible for funding
130,6531,growing above average,west,dense districts with slightly below average unemployment,urban labor market region,urban district,rural region,urban,4,D/N,eligible for funding
131,6532,no clear direction of development,west,dense districts with slightly below average unemployment,urban labor market region,urban district,rural region,urban,99,N,not eligible for funding
132,6533,growing,west,dense districts with slightly below average unemployment,urban labor market region,urban district,rural region,urban,4,N,not eligible for funding
133,6534,growing,west,dense districts with slightly below average unemployment,rural labor market region with consolidation approaches,rural district with consolidation approaches,rural region,rural,99,N,not eligible for funding
134,6535,shrinking,west,dense districts with slightly below average unemployment,sparsely populated rural labor market region,sparsely populated rural district,rural region,rural,4,D,eligible for funding
135,6611,growing,west,dense districts with slightly above-average unemployment,urban labor market region,urban urban district,region with urbanization approaches,urban,99,N,not eligible for funding
136,6631,growing,west,dense districts with industrial orientation and favorable labor market situation,rural labor market region with consolidation approaches,rural district with consolidation approaches,rural region,rural,4,N,not eligible for funding
137,6632,no clear direction of development,west,dense districts with industrial orientation and favorable labor market situation,sparsely populated rural labor market region,sparsely populated rural district,rural region,rural,99,D/N,eligible for funding
138,6633,no clear direction of development,west,dense districts with slightly above-average unemployment,urban labor market region,urban district,region with urbanization approaches,urban,99,N,not eligible for funding
139,6634,shrinking,west,"low density, rural districts with a favorable labor market situation and high seasonal dynamics",rural labor market region with consolidation approaches,rural district with consolidation approaches,region with urbanization approaches,rural,99,N,not eligible for funding
140,6635,no clear direction of development,west,"low density, rural districts with a favorable labor market situation and high seasonal dynamics",sparsely populated rural labor market region,sparsely populated rural district,region with urbanization approaches,rural,99,D,eligible for funding
141,6636,shrinking,west,dense districts with slightly above-average unemployment,sparsely populated rural labor market region,sparsely populated rural district,region with urbanization approaches,rural,99,C,eligible for funding
142,7111,growing above average,west,"low density, rural districts with a favorable labor market situation and high seasonal dynamics",urban labor market region,urban urban district,region with urbanization approaches,urban,99,N,not eligible for funding
143,7131,growing,west,"low density, rural districts with a favorable labor market situation and high seasonal dynamics",rural labor market region with consolidation approaches,rural district with consolidation approaches,region with urbanization approaches,rural,99,N,not eligible for funding
144,7132,shrinking,west,dense districts with slightly below average unemployment,urban labor market region,urban district,region with urbanization approaches,urban,99,N,not eligible for funding
145,7133,no clear direction of development,west,dense districts with slightly below average unemployment,rural labor market region with consolidation approaches,rural district with consolidation approaches,region with urbanization approaches,rural,99,D,eligible for funding
146,7134,shrinking,west,dense districts with slightly below average unemployment,sparsely populated rural labor market region,sparsely populated rural district,region with urbanization approaches,rural,99,D,eligible for funding
147,7135,shrinking,west,"low density, rural districts with a favorable labor market situation and high seasonal dynamics",sparsely populated rural labor market region,sparsely populated rural district,region with urbanization approaches,rural,99,D,eligible for funding
148,7137,growing,west,"low density, rural districts with a favorable labor market situation and high seasonal dynamics",urban labor market region,urban district,region with urbanization approaches,urban,99,N,not eligible for funding
149,7138,growing,west,dense districts with slightly below average unemployment,urban labor market region,urban district,region with urbanization approaches,urban,99,N,not eligible for funding
150,7140,no clear direction of development,west,dense districts with slightly below average unemployment,rural labor market region with consolidation approaches,rural district with consolidation approaches,region with urbanization approaches,rural,99,N,not eligible for funding
151,7141,shrinking,west,"low density, rural districts with a favorable labor market situation and high seasonal dynamics",urban labor market region,urban district,region with urbanization approaches,urban,99,N,not eligible for funding
152,7143,no clear direction of development,west,"low density, rural districts with a favorable labor market situation and high seasonal dynamics",urban labor market region,urban district,region with urbanization approaches,urban,99,N,not eligible for funding
153,7211,growing,west,"low density, rural districts with a favorable labor market situation and high seasonal dynamics",rural labor market region with consolidation approaches,urban urban district,rural region,urban,99,N,not eligible for funding
154,7231,no clear direction of development,west,"low density, rural districts with a favorable labor market situation and high seasonal dynamics",sparsely populated rural labor market region,sparsely populated rural district,rural region,rural,99,N,not eligible for funding
155,7232,growing,west,"low density, rural districts with a favorable labor market situation and high seasonal dynamics",sparsely populated rural labor market region,sparsely populated rural district,rural region,rural,99,N,not eligible for funding
156,7233,shrinking,west,"low density, rural districts with a favorable labor market situation and high seasonal dynamics",sparsely populated rural labor market region,sparsely populated rural district,rural region,rural,99,N,not eligible for funding
157,7235,growing,west,"low density, rural districts with a favorable labor market situation and high seasonal dynamics",rural labor market region with consolidation approaches,rural district with consolidation approaches,rural region,rural,99,N,not eligible for funding
158,7311,growing,west,dense districts with slightly below average unemployment,urban labor market region,urban district,urban region,urban,99,N,not eligible for funding
159,7312,growing,west,dense districts with slightly above-average unemployment,rural labor market region with consolidation approaches,urban district,region with urbanization approaches,urban,99,C/N,eligible for funding
160,7313,growing,west,dense districts with slightly below average unemployment,urban labor market region,urban district,urban region,urban,99,N,not eligible for funding
161,7314,growing,west,dense districts with slightly below average unemployment,urban labor market region,urban urban district,urban region,urban,99,N,not eligible for funding
162,7315,growing above average,west,metropolitan areas with a favorable labor market situation,urban labor market region,urban urban district,region with urbanization approaches,urban,4,N,not eligible for funding
163,7316,growing,west,dense districts with slightly below average unemployment,urban labor market region,urban district,urban region,urban,99,N,not eligible for funding
164,7317,shrinking,west,dense districts with slightly above-average unemployment,rural labor market region with consolidation approaches,rural district with consolidation approaches,region with urbanization approaches,rural,99,C,eligible for funding
165,7318,growing,west,dense districts with slightly below average unemployment,urban labor market region,urban district,urban region,urban,99,N,not eligible for funding
166,7319,growing,west,metropolitan areas with a favorable labor market situation,urban labor market region,urban district,region with urbanization approaches,urban,4,N,not eligible for funding
167,7320,shrinking,west,dense districts with slightly above-average unemployment,rural labor market region with consolidation approaches,rural district with consolidation approaches,region with urbanization approaches,rural,99,C,eligible for funding
168,7331,growing,west,metropolitan areas with a favorable labor market situation,urban labor market region,urban district,region with urbanization approaches,urban,4,N,not eligible for funding
169,7332,growing,west,dense districts with slightly below average unemployment,urban labor market region,urban district,urban region,urban,99,N,not eligible for funding
170,7333,shrinking,west,dense districts with slightly above-average unemployment,rural labor market region with consolidation approaches,rural district with consolidation approaches,region with urbanization approaches,rural,99,C/N,eligible for funding
171,7334,growing,west,dense districts with slightly below average unemployment,urban labor market region,urban district,urban region,urban,99,N,not eligible for funding
172,7335,growing,west,dense districts with slightly above-average unemployment,rural labor market region with consolidation approaches,urban district,region with urbanization approaches,urban,99,C/N,eligible for funding
173,7336,shrinking,west,dense districts with slightly above-average unemployment,rural labor market region with consolidation approaches,rural district with consolidation approaches,region with urbanization approaches,rural,99,N,not eligible for funding
174,7337,growing,west,dense districts with slightly below average unemployment,urban labor market region,urban district,urban region,urban,99,N,not eligible for funding
175,7338,growing,west,dense districts with slightly below average unemployment,urban labor market region,urban district,urban region,urban,99,N,not eligible for funding
176,7339,growing above average,west,metropolitan areas with a favorable labor market situation,urban labor market region,urban district,region with urbanization approaches,urban,4,N,not eligible for funding
177,7340,shrinking,west,dense districts with slightly above-average unemployment,rural labor market region with consolidation approaches,rural district with consolidation approaches,region with urbanization approaches,rural,99,C/D,eligible for funding
178,8111,growing above average,west,metropolitan areas with a favorable labor market situation,urban labor market region,urban urban district,urban region,urban,9,N,not eligible for funding
179,8115,growing above average,west,metropolitan areas with a favorable labor market situation,urban labor market region,urban district,urban region,urban,9,N,not eligible for funding
180,8116,growing above average,west,dense districts with industrial orientation and favorable labor market situation,urban labor market region,urban district,urban region,urban,9,N,not eligible for funding
181,8117,growing above average,west,dense districts with industrial orientation and favorable labor market situation,urban labor market region,urban district,urban region,urban,9,N,not eligible for funding
182,8118,growing above average,west,dense districts with industrial orientation and favorable labor market situation,urban labor market region,urban district,urban region,urban,9,N,not eligible for funding
183,8119,growing above average,west,dense districts with industrial orientation and favorable labor market situation,urban labor market region,urban district,urban region,urban,9,N,not eligible for funding
184,8121,growing above average,west,dense districts with industrial orientation and favorable labor market situation,urban labor market region,urban urban district,region with urbanization approaches,urban,9,N,not eligible for funding
185,8125,growing above average,west,dense districts with industrial orientation and favorable labor market situation,urban labor market region,urban district,region with urbanization approaches,urban,9,N,not eligible for funding
186,8126,growing,west,dense districts with industrial orientation and favorable labor market situation,rural labor market region with consolidation approaches,rural district with consolidation approaches,region with urbanization approaches,rural,9,N,not eligible for funding
187,8127,growing,west,dense districts with industrial orientation and favorable labor market situation,rural labor market region with consolidation approaches,rural district with consolidation approaches,region with urbanization approaches,rural,9,N,not eligible for funding
188,8128,growing,west,dense districts with industrial orientation and favorable labor market situation,sparsely populated rural labor market region,sparsely populated rural district,region with urbanization approaches,rural,9,N,not eligible for funding
189,8135,growing,west,dense districts with industrial orientation and favorable labor market situation,urban labor market region,urban district,region with urbanization approaches,urban,9,N,not eligible for funding
190,8136,growing,west,dense districts with industrial orientation and favorable labor market situation,urban labor market region,urban district,region with urbanization approaches,urban,9,N,not eligible for funding
191,8211,growing,west,metropolitan areas with a favorable labor market situation,urban labor market region,urban district,urban region,urban,99,N,not eligible for funding
192,8212,growing above average,west,metropolitan areas with a favorable labor market situation,urban labor market region,urban urban district,urban region,urban,99,N,not eligible for funding
193,8215,growing,west,metropolitan areas with a favorable labor market situation,urban labor market region,urban district,urban region,urban,99,N,not eligible for funding
194,8216,growing,west,metropolitan areas with a favorable labor market situation,urban labor market region,urban district,urban region,urban,99,N,not eligible for funding
195,8221,growing above average,west,metropolitan areas with a favorable labor market situation,urban labor market region,urban urban district,urban region,urban,99,N,not eligible for funding
196,8222,growing above average,west,metropolitan areas with a favorable labor market situation,urban labor market region,urban urban district,urban region,urban,99,N,not eligible for funding
197,8225,growing,west,dense districts with industrial orientation and favorable labor market situation,rural labor market region with consolidation approaches,rural district with consolidation approaches,urban region,rural,99,N,not eligible for funding
198,8226,growing,west,metropolitan areas with a favorable labor market situation,urban labor market region,urban district,urban region,urban,99,N,not eligible for funding
199,8231,growing above average,west,dense districts with industrial orientation and favorable labor market situation,urban labor market region,urban urban district,region with urbanization approaches,urban,9,N,not eligible for funding
200,8235,growing,west,dense districts with industrial orientation and favorable labor market situation,urban labor market region,urban district,region with urbanization approaches,urban,9,N,not eligible for funding
201,8236,growing,west,dense districts with industrial orientation and favorable labor market situation,urban labor market region,urban district,region with urbanization approaches,urban,9,N,not eligible for funding
202,8237,growing,west,dense districts with industrial orientation and favorable labor market situation,rural labor market region with consolidation approaches,rural district with consolidation approaches,region with urbanization approaches,rural,9,N,not eligible for funding
203,8311,growing,west,metropolitan areas with a favorable labor market situation,urban labor market region,urban urban district,region with urbanization approaches,urban,99,N,not eligible for funding
204,8315,growing above average,west,metropolitan areas with a favorable labor market situation,urban labor market region,urban district,region with urbanization approaches,urban,99,N,not eligible for funding
205,8316,growing,west,metropolitan areas with a favorable labor market situation,urban labor market region,urban district,region with urbanization approaches,urban,99,N,not eligible for funding
206,8317,growing,west,dense districts with industrial orientation and favorable labor market situation,urban labor market region,urban district,region with urbanization approaches,urban,99,N,not eligible for funding
207,8325,growing,west,dense districts with industrial orientation and favorable labor market situation,urban labor market region,urban district,region with urbanization approaches,urban,99,N,not eligible for funding
208,8326,growing,west,dense districts with industrial orientation and favorable labor market situation,urban labor market region,urban district,region with urbanization approaches,urban,99,N,not eligible for funding
209,8327,growing above average,west,dense districts with industrial orientation and favorable labor market situation,urban labor market region,urban district,region with urbanization approaches,urban,99,N,not eligible for funding
210,8335,growing above average,west,"low density, rural districts with a favorable labor market situation and high seasonal dynamics",urban labor market region,urban district,region with urbanization approaches,urban,99,N,not eligible for funding
211,8336,growing above average,west,dense districts with industrial orientation and favorable labor market situation,urban labor market region,urban district,region with urbanization approaches,urban,99,N,not eligible for funding
212,8337,growing above average,west,dense districts with industrial orientation and favorable labor market situation,rural labor market region with consolidation approaches,rural district with consolidation approaches,region with urbanization approaches,rural,99,N,not eligible for funding
213,8415,growing above average,west,dense districts with industrial orientation and favorable labor market situation,urban labor market region,urban district,region with urbanization approaches,urban,9,N,not eligible for funding
214,8416,growing above average,west,dense districts with industrial orientation and favorable labor market situation,urban labor market region,urban district,region with urbanization approaches,urban,9,N,not eligible for funding
215,8417,growing,west,dense districts with industrial orientation and favorable labor market situation,urban labor market region,urban district,region with urbanization approaches,urban,9,N,not eligible for funding
216,8421,growing,west,dense districts with industrial orientation and favorable labor market situation,urban labor market region,urban urban district,region with urbanization approaches,urban,99,N,not eligible for funding
217,8425,growing,west,dense districts with industrial orientation and favorable labor market situation,urban labor market region,rural district with consolidation approaches,region with urbanization approaches,rural,99,N,not eligible for funding
218,8426,growing above average,west,dense districts with industrial orientation and favorable labor market situation,rural labor market region with consolidation approaches,rural district with consolidation approaches,region with urbanization approaches,rural,99,N,not eligible for funding
219,8435,growing,west,"low density, rural districts with a favorable labor market situation and high seasonal dynamics",urban labor market region,urban district,region with urbanization approaches,urban,99,N,not eligible for funding
220,8436,growing above average,west,"low density, rural districts with a favorable labor market situation and high seasonal dynamics",urban labor market region,urban district,region with urbanization approaches,urban,99,N,not eligible for funding
221,8437,growing,west,dense districts with industrial orientation and favorable labor market situation,rural labor market region with consolidation approaches,rural district with consolidation approaches,region with urbanization approaches,rural,99,N,not eligible for funding
222,9161,growing above average,west,"low density, rural districts with a favorable labor market situation and high seasonal dynamics",rural labor market region with consolidation approaches,urban urban district,region with urbanization approaches,urban,1,N,not eligible for funding
223,9162,growing above average,west,metropolitan areas with a favorable labor market situation,urban labor market region,urban urban district,urban region,urban,1,N,not eligible for funding
224,9163,growing above average,west,"low density, rural districts with a favorable labor market situation and high seasonal dynamics",urban labor market region,urban district,rural region,urban,1,N,not eligible for funding
225,9171,growing,west,metropolitan areas in the east with very high unemployment,urban labor market region,urban district,rural region,urban,1,N,not eligible for funding
226,9172,growing,west,metropolitan areas in the east with very high unemployment,rural labor market region with consolidation approaches,rural district with consolidation approaches,rural region,rural,99,N,not eligible for funding
227,9173,growing above average,west,"low density, rural districts with a favorable labor market situation and high seasonal dynamics",sparsely populated rural labor market region,sparsely populated rural district,rural region,rural,1,N,not eligible for funding
228,9174,growing above average,west,"low density, rural districts with a favorable labor market situation and high seasonal dynamics",urban labor market region,urban district,urban region,urban,1,N,not eligible for funding
229,9175,growing above average,west,"low density, rural districts with a favorable labor market situation and high seasonal dynamics",urban labor market region,urban district,urban region,urban,1,N,not eligible for funding
230,9176,growing above average,west,"low density, rural districts with a favorable labor market situation and high seasonal dynamics",rural labor market region with consolidation approaches,rural district with consolidation approaches,region with urbanization approaches,rural,1,N,not eligible for funding
231,9177,growing above average,west,"low density, rural districts with a favorable labor market situation and high seasonal dynamics",urban labor market region,rural district with consolidation approaches,urban region,rural,1,N,not eligible for funding
232,9178,growing above average,west,"low density, rural districts with a favorable labor market situation and high seasonal dynamics",urban labor market region,urban district,urban region,urban,1,N,not eligible for funding
233,9179,growing above average,west,"low density, rural districts with a favorable labor market situation and high seasonal dynamics",urban labor market region,urban district,urban region,urban,1,N,not eligible for funding
234,9180,growing above average,west,"low density, rural districts with a favorable labor market situation and high seasonal dynamics",sparsely populated rural labor market region,sparsely populated rural district,rural region,rural,1,N,not eligible for funding
235,9181,growing above average,west,"low density, rural districts with a favorable labor market situation and high seasonal dynamics",rural labor market region with consolidation approaches,rural district with consolidation approaches,urban region,rural,1,N,not eligible for funding
236,9182,growing above average,west,"low density, rural districts with a favorable labor market situation and high seasonal dynamics",sparsely populated rural labor market region,rural district with consolidation approaches,rural region,rural,1,N,not eligible for funding
237,9183,growing above average,west,metropolitan areas in the east with very high unemployment,sparsely populated rural labor market region,sparsely populated rural district,rural region,rural,1,N,not eligible for funding
238,9184,growing above average,west,metropolitan areas with a favorable labor market situation,urban labor market region,urban district,urban region,urban,1,N,not eligible for funding
239,9185,growing above average,west,"low density, rural districts with a favorable labor market situation and high seasonal dynamics",rural labor market region with consolidation approaches,rural district with consolidation approaches,region with urbanization approaches,rural,1,N,not eligible for funding
240,9186,growing above average,west,"low density, rural districts with a favorable labor market situation and high seasonal dynamics",rural labor market region with consolidation approaches,rural district with consolidation approaches,region with urbanization approaches,rural,1,N,not eligible for funding
241,9187,growing above average,west,"low density, rural districts with a favorable labor market situation and high seasonal dynamics",urban labor market region,urban district,rural region,urban,1,N,not eligible for funding
242,9188,growing above average,west,"low density, rural districts with a favorable labor market situation and high seasonal dynamics",urban labor market region,urban district,urban region,urban,1,N,not eligible for funding
243,9189,growing above average,west,metropolitan areas in the east with very high unemployment,sparsely populated rural labor market region,sparsely populated rural district,rural region,rural,1,N,not eligible for funding
244,9190,growing,west,"low density, rural districts with a favorable labor market situation and high seasonal dynamics",rural labor market region with consolidation approaches,rural district with consolidation approaches,rural region,rural,1,N,not eligible for funding
245,9261,growing above average,west,metropolitan areas in the east with very high unemployment,rural labor market region with consolidation approaches,rural district with consolidation approaches,rural region,rural,1,N,not eligible for funding
246,9262,growing,west,metropolitan areas in the east with very high unemployment,rural labor market region with consolidation approaches,rural district with consolidation approaches,rural region,rural,99,N,not eligible for funding
247,9263,growing above average,west,metropolitan areas in the east with very high unemployment,sparsely populated rural labor market region,sparsely populated rural district,rural region,rural,99,N,not eligible for funding
248,9271,growing,west,metropolitan areas in the east with very high unemployment,sparsely populated rural labor market region,sparsely populated rural district,rural region,rural,99,N,not eligible for funding
249,9272,growing above average,west,metropolitan areas in the east with very high unemployment,sparsely populated rural labor market region,sparsely populated rural district,rural region,rural,99,C/D,eligible for funding
250,9273,growing above average,west,"low density, rural districts with a favorable labor market situation and high seasonal dynamics",rural labor market region with consolidation approaches,rural district with consolidation approaches,region with urbanization approaches,rural,1,N,not eligible for funding
251,9274,growing above average,west,metropolitan areas in the east with very high unemployment,rural labor market region with consolidation approaches,rural district with consolidation approaches,rural region,rural,1,N,not eligible for funding
252,9275,growing,west,metropolitan areas in the east with very high unemployment,rural labor market region with consolidation approaches,rural district with consolidation approaches,rural region,rural,99,N,not eligible for funding
253,9276,no clear direction of development,west,metropolitan areas in the east with very high unemployment,sparsely populated rural labor market region,sparsely populated rural district,rural region,rural,99,C/D,eligible for funding
254,9277,growing,west,metropolitan areas in the east with very high unemployment,sparsely populated rural labor market region,sparsely populated rural district,rural region,rural,99,N,not eligible for funding
255,9278,growing above average,west,metropolitan areas in the east with very high unemployment,sparsely populated rural labor market region,sparsely populated rural district,rural region,rural,99,N,not eligible for funding
256,9279,growing above average,west,metropolitan areas in the east with very high unemployment,rural labor market region with consolidation approaches,rural district with consolidation approaches,rural region,rural,1,N,not eligible for funding
257,9361,growing,west,metropolitan areas in the east with very high unemployment,sparsely populated rural labor market region,sparsely populated rural district,rural region,rural,8,N,not eligible for funding
258,9362,growing above average,west,"low density, rural districts with a favorable labor market situation and high seasonal dynamics",rural labor market region with consolidation approaches,urban urban district,region with urbanization approaches,urban,99,N,not eligible for funding
259,9363,shrinking,west,metropolitan areas in the east with very high unemployment,sparsely populated rural labor market region,sparsely populated rural district,rural region,rural,8,D,eligible for funding
260,9371,growing,west,metropolitan areas in the east with very high unemployment,sparsely populated rural labor market region,sparsely populated rural district,rural region,rural,8,N,not eligible for funding
261,9372,growing,west,metropolitan areas in the east with very high unemployment,sparsely populated rural labor market region,sparsely populated rural district,region with urbanization approaches,rural,99,C/D,eligible for funding
262,9373,growing above average,west,"low density, rural districts with a favorable labor market situation and high seasonal dynamics",sparsely populated rural labor market region,sparsely populated rural district,region with urbanization approaches,rural,8,N,not eligible for funding
263,9374,shrinking,west,metropolitan areas in the east with very high unemployment,sparsely populated rural labor market region,sparsely populated rural district,rural region,rural,8,C/D,eligible for funding
264,9375,growing above average,west,"low density, rural districts with a favorable labor market situation and high seasonal dynamics",rural labor market region with consolidation approaches,rural district with consolidation approaches,region with urbanization approaches,rural,99,N,not eligible for funding
265,9376,growing,west,metropolitan areas in the east with very high unemployment,sparsely populated rural labor market region,sparsely populated rural district,rural region,rural,99,C/D,eligible for funding
266,9377,shrinking,west,metropolitan areas in the east with very high unemployment,sparsely populated rural labor market region,sparsely populated rural district,rural region,rural,8,C/D,eligible for funding
267,9461,growing,west,"low density, rural districts with a favorable labor market situation and high seasonal dynamics",rural labor market region with consolidation approaches,rural district with consolidation approaches,rural region,rural,8,N,not eligible for funding
268,9462,growing,west,"low density, rural districts with a favorable labor market situation and high seasonal dynamics",sparsely populated rural labor market region,sparsely populated rural district,rural region,rural,8,N,not eligible for funding
269,9463,no clear direction of development,west,"low density, rural districts with a favorable labor market situation and high seasonal dynamics",rural labor market region with consolidation approaches,rural district with consolidation approaches,rural region,rural,8,N,not eligible for funding
270,9464,shrinking,west,"low density, rural districts with a favorable labor market situation and high seasonal dynamics",rural labor market region with consolidation approaches,rural district with consolidation approaches,rural region,rural,8,C,eligible for funding
271,9471,growing,west,"low density, rural districts with a favorable labor market situation and high seasonal dynamics",rural labor market region with consolidation approaches,rural district with consolidation approaches,rural region,rural,8,N,not eligible for funding
272,9472,growing,west,"low density, rural districts with a favorable labor market situation and high seasonal dynamics",sparsely populated rural labor market region,sparsely populated rural district,rural region,rural,8,N,not eligible for funding
273,9473,no clear direction of development,west,"low density, rural districts with a favorable labor market situation and high seasonal dynamics",rural labor market region with consolidation approaches,rural district with consolidation approaches,rural region,rural,8,N,not eligible for funding
274,9474,growing,west,"low density, rural districts with a favorable labor market situation and high seasonal dynamics",urban labor market region,rural district with consolidation approaches,rural region,rural,8,N,not eligible for funding
275,9475,shrinking,west,"low density, rural districts with a favorable labor market situation and high seasonal dynamics",rural labor market region with consolidation approaches,rural district with consolidation approaches,rural region,rural,8,C/D,eligible for funding
276,9476,shrinking,west,"low density, rural districts with a favorable labor market situation and high seasonal dynamics",rural labor market region with consolidation approaches,rural district with consolidation approaches,rural region,rural,8,N,not eligible for funding
277,9477,shrinking,west,"low density, rural districts with a favorable labor market situation and high seasonal dynamics",sparsely populated rural labor market region,sparsely populated rural district,rural region,rural,8,N,not eligible for funding
278,9478,shrinking,west,"low density, rural districts with a favorable labor market situation and high seasonal dynamics",rural labor market region with consolidation approaches,rural district with consolidation approaches,rural region,rural,8,N,not eligible for funding
279,9479,shrinking,west,"low density, rural districts with a favorable labor market situation and high seasonal dynamics",sparsely populated rural labor market region,sparsely populated rural district,rural region,rural,8,C/D,eligible for funding
280,9561,growing,west,"low density, rural districts with a favorable labor market situation and high seasonal dynamics",sparsely populated rural labor market region,sparsely populated rural district,rural region,rural,8,N,not eligible for funding
281,9562,growing above average,west,dense districts with industrial orientation and favorable labor market situation,urban labor market region,urban urban district,urban region,urban,8,N,not eligible for funding
282,9563,growing above average,west,dense districts with industrial orientation and favorable labor market situation,urban labor market region,urban urban district,urban region,urban,8,N,not eligible for funding
283,9564,growing,west,metropolitan areas with a favorable labor market situation,urban labor market region,urban urban district,urban region,urban,8,N,not eligible for funding
284,9565,growing,west,metropolitan areas with a favorable labor market situation,urban labor market region,rural district with consolidation approaches,urban region,rural,8,N,not eligible for funding
285,9571,growing,west,"low density, rural districts with a favorable labor market situation and high seasonal dynamics",sparsely populated rural labor market region,sparsely populated rural district,rural region,rural,8,N,not eligible for funding
286,9572,growing,west,dense districts with industrial orientation and favorable labor market situation,urban labor market region,urban district,urban region,urban,8,N,not eligible for funding
287,9573,growing,west,dense districts with industrial orientation and favorable labor market situation,urban labor market region,urban district,urban region,urban,8,N,not eligible for funding
288,9574,growing,west,metropolitan areas with a favorable labor market situation,urban labor market region,urban district,urban region,urban,8,N,not eligible for funding
289,9575,growing,west,dense districts with industrial orientation and favorable labor market situation,sparsely populated rural labor market region,sparsely populated rural district,rural region,rural,8,N,not eligible for funding
290,9576,growing,west,"low density, rural districts with a favorable labor market situation and high seasonal dynamics",urban labor market region,rural district with consolidation approaches,urban region,rural,8,N,not eligible for funding
291,9577,growing,west,"low density, rural districts with a favorable labor market situation and high seasonal dynamics",sparsely populated rural labor market region,sparsely populated rural district,rural region,rural,8,N,not eligible for funding
292,9661,growing,west,"low density, rural districts with a favorable labor market situation and high seasonal dynamics",urban labor market region,urban district,rural region,urban,4,N,not eligible for funding
293,9662,growing,west,"low density, rural districts with a favorable labor market situation and high seasonal dynamics",rural labor market region with consolidation approaches,rural district with consolidation approaches,rural region,rural,99,N,not eligible for funding
294,9663,growing,west,"low density, rural districts with a favorable labor market situation and high seasonal dynamics",urban labor market region,urban urban district,region with urbanization approaches,urban,99,N,not eligible for funding
295,9671,growing,west,"low density, rural districts with a favorable labor market situation and high seasonal dynamics",urban labor market region,urban district,rural region,urban,4,N,not eligible for funding
296,9672,shrinking,west,"low density, rural districts with a favorable labor market situation and high seasonal dynamics",sparsely populated rural labor market region,sparsely populated rural district,rural region,rural,99,N,not eligible for funding
297,9673,shrinking,west,"low density, rural districts with a favorable labor market situation and high seasonal dynamics",sparsely populated rural labor market region,sparsely populated rural district,rural region,rural,99,N,not eligible for funding
298,9674,shrinking,west,"low density, rural districts with a favorable labor market situation and high seasonal dynamics",sparsely populated rural labor market region,sparsely populated rural district,rural region,rural,8,N,not eligible for funding
299,9675,growing,west,"low density, rural districts with a favorable labor market situation and high seasonal dynamics",rural labor market region with consolidation approaches,rural district with consolidation approaches,region with urbanization approaches,rural,8,N,not eligible for funding
300,9676,growing,west,"low density, rural districts with a favorable labor market situation and high seasonal dynamics",urban labor market region,urban district,rural region,urban,4,N,not eligible for funding
301,9677,shrinking,west,"low density, rural districts with a favorable labor market situation and high seasonal dynamics",sparsely populated rural labor market region,sparsely populated rural district,region with urbanization approaches,rural,99,N,not eligible for funding
302,9678,growing,west,"low density, rural districts with a favorable labor market situation and high seasonal dynamics",rural labor market region with consolidation approaches,rural district with consolidation approaches,rural region,rural,99,N,not eligible for funding
303,9679,growing,west,"low density, rural districts with a favorable labor market situation and high seasonal dynamics",urban labor market region,urban district,region with urbanization approaches,urban,99,N,not eligible for funding
304,9761,growing above average,west,dense districts with slightly below average unemployment,urban labor market region,urban urban district,region with urbanization approaches,urban,1,N,not eligible for funding
305,9762,growing above average,west,"low density, rural districts with a favorable labor market situation and high seasonal dynamics",sparsely populated rural labor market region,sparsely populated rural district,rural region,rural,1,N,not eligible for funding
306,9763,growing,west,"low density, rural districts with a favorable labor market situation and high seasonal dynamics",sparsely populated rural labor market region,sparsely populated rural district,rural region,rural,99,N,not eligible for funding
307,9764,growing above average,west,"low density, rural districts with a favorable labor market situation and high seasonal dynamics",rural labor market region with consolidation approaches,rural district with consolidation approaches,rural region,rural,99,N,not eligible for funding
308,9771,growing,west,dense districts with slightly below average unemployment,urban labor market region,rural district with consolidation approaches,region with urbanization approaches,rural,1,N,not eligible for funding
309,9772,growing,west,dense districts with slightly below average unemployment,urban labor market region,urban district,region with urbanization approaches,urban,1,N,not eligible for funding
310,9773,growing,west,"low density, rural districts with a favorable labor market situation and high seasonal dynamics",rural labor market region with consolidation approaches,rural district with consolidation approaches,region with urbanization approaches,rural,1,N,not eligible for funding
311,9774,growing,west,"low density, rural districts with a favorable labor market situation and high seasonal dynamics",rural labor market region with consolidation approaches,rural district with consolidation approaches,rural region,rural,99,N,not eligible for funding
312,9775,growing,west,"low density, rural districts with a favorable labor market situation and high seasonal dynamics",urban labor market region,urban district,rural region,urban,99,N,not eligible for funding
313,9776,growing above average,west,"low density, rural districts with a favorable labor market situation and high seasonal dynamics",urban labor market region,urban district,rural region,urban,99,N,not eligible for funding
314,9777,growing above average,west,"low density, rural districts with a favorable labor market situation and high seasonal dynamics",sparsely populated rural labor market region,sparsely populated rural district,rural region,rural,1,N,not eligible for funding
315,9778,growing above average,west,"low density, rural districts with a favorable labor market situation and high seasonal dynamics",rural labor market region with consolidation approaches,rural district with consolidation approaches,rural region,rural,99,N,not eligible for funding
316,9779,growing,west,"low density, rural districts with a favorable labor market situation and high seasonal dynamics",sparsely populated rural labor market region,sparsely populated rural district,region with urbanization approaches,rural,1,N,not eligible for funding
317,9780,growing,west,"low density, rural districts with a favorable labor market situation and high seasonal dynamics",sparsely populated rural labor market region,sparsely populated rural district,rural region,rural,99,N,not eligible for funding
318,10041,no clear direction of development,west,dense districts with slightly below average unemployment,urban labor market region,urban district,urban region,urban,99,D/N,eligible for funding
319,10042,no clear direction of development,west,dense districts with slightly below average unemployment,urban labor market region,urban district,urban region,urban,99,N,not eligible for funding
320,10043,shrinking,west,dense districts with slightly below average unemployment,urban labor market region,urban district,urban region,urban,99,C/D,eligible for funding
321,10044,shrinking,west,dense districts with slightly below average unemployment,urban labor market region,urban district,urban region,urban,99,C/D,eligible for funding
322,10045,shrinking,west,dense districts with slightly below average unemployment,urban labor market region,urban district,urban region,urban,99,N,not eligible for funding
323,10046,shrinking,west,dense districts with slightly below average unemployment,urban labor market region,urban district,urban region,urban,99,N,not eligible for funding
324,11000,growing above average,east,metropolitan areas in the east with very high unemployment,urban labor market region,urban urban district,urban region,urban,2,C/D,eligible for funding
325,12051,growing,east,"low density districts in the east with high unemployment, partly border areas to the west",rural labor market region with consolidation approaches,rural district with consolidation approaches,rural region,rural,2,C*,eligible for funding
326,12052,shrinking,east,rural districts in the east with poor labor market situation,sparsely populated rural labor market region,rural district with consolidation approaches,rural region,rural,2,C**,eligible for funding
327,12053,shrinking,east,rural districts in the east with poor labor market situation,sparsely populated rural labor market region,sparsely populated rural district,rural region,rural,2,C**,eligible for funding
328,12054,growing above average,east,"low density districts in the east with high unemployment, partly border areas to the west",rural labor market region with consolidation approaches,urban urban district,rural region,urban,2,C*,eligible for funding
329,12060,growing,east,rural districts in the east with a very poor labor market situation,rural labor market region with consolidation approaches,rural district with consolidation approaches,rural region,rural,2,C**,eligible for funding
330,12061,growing above average,east,rural districts in the east with poor labor market situation,sparsely populated rural labor market region,sparsely populated rural district,rural region,rural,2,C*,eligible for funding
331,12062,shrinking above average,east,rural districts in the east with poor labor market situation,sparsely populated rural labor market region,sparsely populated rural district,rural region,rural,2,C*,eligible for funding
332,12063,growing above average,east,rural districts in the east with poor labor market situation,rural labor market region with consolidation approaches,sparsely populated rural district,rural region,rural,2,C*,eligible for funding
333,12064,no clear direction of development,east,rural districts in the east with poor labor market situation,sparsely populated rural labor market region,sparsely populated rural district,rural region,rural,2,C**,eligible for funding
334,12065,growing above average,east,rural districts in the east with poor labor market situation,sparsely populated rural labor market region,sparsely populated rural district,rural region,rural,2,C*,eligible for funding
335,12066,shrinking above average,east,rural districts in the east with poor labor market situation,sparsely populated rural labor market region,sparsely populated rural district,rural region,rural,2,C*,eligible for funding
336,12067,shrinking,east,rural districts in the east with poor labor market situation,sparsely populated rural labor market region,sparsely populated rural district,rural region,rural,2,C**,eligible for funding
337,12068,no clear direction of development,east,rural districts in the east with poor labor market situation,sparsely populated rural labor market region,sparsely populated rural district,rural region,rural,2,C*,eligible for funding
338,12069,growing,east,"low density districts in the east with high unemployment, partly border areas to the west",rural labor market region with consolidation approaches,rural district with consolidation approaches,rural region,rural,2,C*,eligible for funding
339,12070,shrinking,east,rural districts in the east with poor labor market situation,sparsely populated rural labor market region,sparsely populated rural district,rural region,rural,2,C*,eligible for funding
340,12071,shrinking,east,rural districts in the east with poor labor market situation,sparsely populated rural labor market region,rural district with consolidation approaches,rural region,rural,2,C**,eligible for funding
341,12072,growing above average,east,"low density districts in the east with high unemployment, partly border areas to the west",sparsely populated rural labor market region,sparsely populated rural district,rural region,rural,2,C*,eligible for funding
342,12073,shrinking,east,rural districts in the east with a very poor labor market situation,sparsely populated rural labor market region,sparsely populated rural district,rural region,rural,2,C**,eligible for funding
343,13003,growing,east,rural districts in the east with poor labor market situation,rural labor market region with consolidation approaches,urban urban district,rural region,urban,99,C*,eligible for funding
344,13004,no clear direction of development,east,rural districts in the east with poor labor market situation,sparsely populated rural labor market region,rural district with consolidation approaches,rural region,rural,99,C*,eligible for funding
345,13071,shrinking,east,rural districts in the east with a very poor labor market situation,sparsely populated rural labor market region,sparsely populated rural district,rural region,rural,99,C*,eligible for funding
346,13072,no clear direction of development,east,rural districts in the east with poor labor market situation,rural labor market region with consolidation approaches,sparsely populated rural district,rural region,rural,99,C*,eligible for funding
347,13073,no clear direction of development,east,rural districts in the east with a very poor labor market situation,sparsely populated rural labor market region,sparsely populated rural district,rural region,rural,99,C*,eligible for funding
348,13074,no clear direction of development,east,rural districts in the east with poor labor market situation,sparsely populated rural labor market region,rural district with consolidation approaches,rural region,rural,5,C*,eligible for funding
349,13075,shrinking,east,rural districts in the east with a very poor labor market situation,sparsely populated rural labor market region,sparsely populated rural district,rural region,rural,99,C**,eligible for funding
350,13076,shrinking,east,rural districts in the east with poor labor market situation,sparsely populated rural labor market region,sparsely populated rural district,rural region,rural,5,C*,eligible for funding
351,14511,growing,east,metropolitan areas in the east with very high unemployment,urban labor market region,urban urban district,region with urbanization approaches,urban,7,C*,eligible for funding
352,14521,shrinking above average,east,"low density districts in the east with high unemployment, partly border areas to the west",urban labor market region,urban district,region with urbanization approaches,urban,99,C*,eligible for funding
353,14522,shrinking above average,east,"low density districts in the east with high unemployment, partly border areas to the west",rural labor market region with consolidation approaches,rural district with consolidation approaches,region with urbanization approaches,rural,99,C*,eligible for funding
354,14523,shrinking,east,"low density districts in the east with high unemployment, partly border areas to the west",rural labor market region with consolidation approaches,rural district with consolidation approaches,region with urbanization approaches,rural,99,C*,eligible for funding
355,14524,shrinking,east,"low density districts in the east with high unemployment, partly border areas to the west",urban labor market region,urban district,region with urbanization approaches,urban,7,C*,eligible for funding
356,14612,growing,east,metropolitan areas in the east with very high unemployment,urban labor market region,urban urban district,urban region,urban,99,C*,eligible for funding
357,14625,shrinking above average,east,rural districts in the east with poor labor market situation,rural labor market region with consolidation approaches,rural district with consolidation approaches,rural region,rural,99,C*,eligible for funding
358,14626,shrinking,east,rural districts in the east with poor labor market situation,sparsely populated rural labor market region,sparsely populated rural district,rural region,rural,99,C**,eligible for funding
359,14627,shrinking,east,rural districts in the east with poor labor market situation,rural labor market region with consolidation approaches,rural district with consolidation approaches,urban region,rural,99,C*,eligible for funding
360,14628,shrinking,east,"low density districts in the east with high unemployment, partly border areas to the west",urban labor market region,rural district with consolidation approaches,urban region,rural,99,C*,eligible for funding
361,14713,growing above average,east,metropolitan areas in the east with very high unemployment,urban labor market region,urban urban district,urban region,urban,7,C,eligible for funding
362,14729,shrinking,east,rural districts in the east with poor labor market situation,urban labor market region,rural district with consolidation approaches,urban region,rural,7,C,eligible for funding
363,14730,shrinking,east,rural districts in the east with poor labor market situation,urban labor market region,sparsely populated rural district,urban region,rural,99,C,eligible for funding
364,15001,shrinking above average,east,rural districts in the east with poor labor market situation,urban labor market region,rural district with consolidation approaches,rural region,rural,7,C*,eligible for funding
365,15002,growing,east,metropolitan areas in the east with very high unemployment,urban labor market region,urban urban district,region with urbanization approaches,urban,7,C*,eligible for funding
366,15003,growing,east,rural districts in the east with poor labor market situation,rural labor market region with consolidation approaches,urban urban district,rural region,urban,99,C*,eligible for funding
367,15081,shrinking,east,rural districts in the east with poor labor market situation,rural labor market region with consolidation approaches,rural district with consolidation approaches,rural region,rural,99,C*,eligible for funding
368,15082,shrinking above average,east,rural districts in the east with poor labor market situation,rural labor market region with consolidation approaches,rural district with consolidation approaches,rural region,rural,99,C*,eligible for funding
369,15083,shrinking above average,east,rural districts in the east with poor labor market situation,rural labor market region with consolidation approaches,sparsely populated rural district,rural region,rural,99,C*,eligible for funding
370,15084,shrinking,east,rural districts in the east with a very poor labor market situation,rural labor market region with consolidation approaches,rural district with consolidation approaches,region with urbanization approaches,rural,7,C*,eligible for funding
371,15085,shrinking,east,rural districts in the east with poor labor market situation,rural labor market region with consolidation approaches,rural district with consolidation approaches,rural region,rural,99,C*,eligible for funding
372,15086,shrinking,east,rural districts in the east with poor labor market situation,rural labor market region with consolidation approaches,sparsely populated rural district,rural region,rural,99,C*,eligible for funding
373,15087,shrinking above average,east,rural districts in the east with a very poor labor market situation,sparsely populated rural labor market region,sparsely populated rural district,region with urbanization approaches,rural,99,C*,eligible for funding
374,15088,shrinking,east,metropolitan areas in the east with very high unemployment,urban labor market region,rural district with consolidation approaches,region with urbanization approaches,rural,7,C*,eligible for funding
375,15089,shrinking above average,east,rural districts in the east with poor labor market situation,rural labor market region with consolidation approaches,rural district with consolidation approaches,rural region,rural,99,C*,eligible for funding
376,15090,shrinking,east,rural districts in the east with poor labor market situation,sparsely populated rural labor market region,sparsely populated rural district,rural region,rural,99,C*,eligible for funding
377,15091,shrinking above average,east,rural districts in the east with poor labor market situation,sparsely populated rural labor market region,sparsely populated rural district,rural region,rural,7,C*,eligible for funding
378,16051,growing,east,"low density districts in the east with high unemployment, partly border areas to the west",urban labor market region,urban urban district,region with urbanization approaches,urban,99,C*,eligible for funding
379,16052,shrinking,east,rural districts in the east with poor labor market situation,urban labor market region,urban district,region with urbanization approaches,urban,7,C*,eligible for funding
380,16053,no clear direction of development,east,"low density districts in the east with high unemployment, partly border areas to the west",urban labor market region,urban urban district,region with urbanization approaches,urban,7,C*,eligible for funding
381,16054,shrinking,east,"low density districts in the east with high unemployment, partly border areas to the west",sparsely populated rural labor market region,sparsely populated rural district,rural region,rural,99,C*,eligible for funding
382,16055,no clear direction of development,east,"low density districts in the east with high unemployment, partly border areas to the west",urban labor market region,urban district,region with urbanization approaches,urban,99,C*,eligible for funding
383,16056,shrinking,east,"low density districts in the east with high unemployment, partly border areas to the west",sparsely populated rural labor market region,sparsely populated rural district,rural region,rural,99,C*,eligible for funding
384,16061,shrinking,east,"low density districts in the east with high unemployment, partly border areas to the west",rural labor market region with consolidation approaches,rural district with consolidation approaches,rural region,rural,99,C*,eligible for funding
385,16062,shrinking,east,"low density districts in the east with high unemployment, partly border areas to the west",sparsely populated rural labor market region,sparsely populated rural district,rural region,rural,99,C*,eligible for funding
386,16063,shrinking,east,"low density districts in the east with high unemployment, partly border areas to the west",sparsely populated rural labor market region,sparsely populated rural district,rural region,rural,99,C*,eligible for funding
387,16064,shrinking,east,"low density districts in the east with high unemployment, partly border areas to the west",sparsely populated rural labor market region,sparsely populated rural district,rural region,rural,99,C*,eligible for funding
388,16065,shrinking,east,"low density districts in the east with high unemployment, partly border areas to the west",sparsely populated rural labor market region,sparsely populated rural district,rural region,rural,99,C*,eligible for funding
389,16066,shrinking,east,"low density districts in the east with high unemployment, partly border areas to the west",sparsely populated rural labor market region,sparsely populated rural district,rural region,rural,99,C*,eligible for funding
390,16067,shrinking,east,"low density districts in the east with high unemployment, partly border areas to the west",rural labor market region with consolidation approaches,rural district with consolidation approaches,region with urbanization approaches,rural,99,C*,eligible for funding
391,16068,shrinking,east,"low density districts in the east with high unemployment, partly border areas to the west",urban labor market region,sparsely populated rural district,region with urbanization approaches,rural,99,C*,eligible for funding
392,16069,shrinking above average,east,"low density districts in the east with high unemployment, partly border areas to the west",sparsely populated rural labor market region,sparsely populated rural district,rural region,rural,99,C*,eligible for funding
393,16070,shrinking,east,"low density districts in the east with high unemployment, partly border areas to the west",sparsely populated rural labor market region,sparsely populated rural district,region with urbanization approaches,rural,99,C*,eligible for funding
394,16071,no clear direction of development,east,"low density districts in the east with high unemployment, partly border areas to the west",urban labor market region,urban district,region with urbanization approaches,urban,99,C*,eligible for funding
395,16072,shrinking,east,"low density districts in the east with high unemployment, partly border areas to the west",sparsely populated rural labor market region,sparsely populated rural district,rural region,rural,8,C*,eligible for funding
396,16073,shrinking above average,east,"low density districts in the east with high unemployment, partly border areas to the west",sparsely populated rural labor market region,sparsely populated rural district,region with urbanization approaches,rural,99,C*,eligible for funding
397,16074,shrinking,east,"low density districts in the east with high unemployment, partly border areas to the west",urban labor market region,rural district with consolidation approaches,region with urbanization approaches,rural,99,C*,eligible for funding
398,16075,shrinking above average,east,rural districts in the east with poor labor market situation,sparsely populated rural labor market region,sparsely populated rural district,region with urbanization approaches,rural,99,C*,eligible for funding
399,16076,shrinking,east,rural districts in the east with poor labor market situation,urban labor market region,urban district,region with urbanization approaches,urban,99,C*,eligible for funding
400,16077,shrinking above average,east,rural districts in the east with poor labor market situation,rural labor market region with consolidation approaches,rural district with consolidation approaches,region with urbanization approaches,rural,7,C*,eligible for funding
