_id,ags2,bundesland,ags5,kreis,kr_amr,kr_ead,kr_land,kr_mz,kr_oz,kr_ror,kr_rbp,kr_wa_schr_kl,kr_amt_kl,kr_grw_fg_kl,kr_sr_am_kl,kr_rl_kl,kr_ssk_kl,kr_ssr_kl,kr_stla_kl,kr_mra_kl,kr_mrb_kl,kr_wo_kl,kr_grenze
1,01,Schleswig-Holstein,01001,"Flensburg, Stadt",4,2309.4,0.0,0,1,102,13724.8,5,5,1,3,2,4,3,2,99,99,1,1
2,01,Schleswig-Holstein,01002,"Kiel, Landeshauptstadt",6,3112.1,0.0,0,1,101,22801.3,4,2,4,1,2,1,2,1,99,99,1,0
3,01,Schleswig-Holstein,01003,"Lübeck, Hansestadt",5,1453.6,0.0,0,1,103,22491.1,4,5,4,1,1,1,2,1,5,99,1,0
4,01,Schleswig-Holstein,01004,"Neumünster, Stadt",6,1644.7,0.0,0,1,101,26086.9,4,5,6,1,2,3,2,2,5,99,1,0
5,01,Schleswig-Holstein,01051,Dithmarschen,2,121.9,74.2,2,0,105,11103.3,4,5,1,3,4,4,3,2,5,99,1,0
6,01,Schleswig-Holstein,01053,Herzogtum Lauenburg,7,192.6,36.3,3,0,104,35798.8,4,4,6,2,2,3,2,2,5,99,1,0
7,01,Schleswig-Holstein,01054,Nordfriesland,1,107.9,76.1,1,0,102,7571.4,4,5,1,3,4,4,3,2,99,99,1,1
8,01,Schleswig-Holstein,01055,Ostholstein,5,196.4,31.5,1,0,103,14248.5,5,5,1,1,2,3,2,2,5,99,1,0
9,01,Schleswig-Holstein,01056,Pinneberg,8,607.3,8.2,3,0,104,63951.7,5,4,5,1,1,2,2,1,5,99,1,0
10,01,Schleswig-Holstein,01057,Plön,6,135.6,41.1,0,0,101,20895.5,3,2,6,1,3,3,2,2,99,99,1,0
11,01,Schleswig-Holstein,01058,Rendsburg-Eckernförde,6,159.7,59.6,2,0,101,21612.1,4,5,6,1,3,3,2,2,99,99,1,0
12,01,Schleswig-Holstein,01059,Schleswig-Flensburg,4,122.7,74.3,1,0,102,13392.4,5,5,1,3,3,4,3,2,99,99,1,1
13,01,Schleswig-Holstein,01060,Segeberg,8,262.9,31.5,4,0,104,40897.1,5,4,8,1,2,3,2,2,5,99,1,0
14,01,Schleswig-Holstein,01061,Steinburg,3,160.5,64.0,1,0,105,25043.0,4,5,4,3,2,4,3,2,5,99,1,0
15,01,Schleswig-Holstein,01062,Stormarn,8,449.2,15.2,4,0,104,60121.8,5,4,8,1,1,2,2,1,5,99,1,0
16,02,Hamburg,02000,Hamburg,8,3685.3,0.0,0,1,201,33860.9,4,2,8,1,1,1,1,1,5,99,1,0
17,03,Niedersachsen,03101,Braunschweig,9,1950.4,0.0,0,1,301,29349.4,3,5,8,1,1,1,2,1,99,3,1,0
18,03,Niedersachsen,03102,Salzgitter,10,676.9,0.0,0,1,301,30081.6,4,5,8,1,2,1,2,1,99,3,1,0
19,03,Niedersachsen,03103,Wolfsburg,11,1186.8,0.0,0,1,301,20809.1,4,4,8,1,2,1,2,1,99,3,1,0
20,03,Niedersachsen,03151,Gifhorn,11,137.9,53.2,2,0,301,19593.0,5,4,8,1,3,4,2,2,99,3,1,0
21,03,Niedersachsen,03153,Goslar,13,188.3,8.7,4,0,301,18503.9,2,5,1,2,3,3,2,2,99,3,1,0
22,03,Niedersachsen,03154,Helmstedt,14,168.4,46.1,0,0,301,22366.2,4,4,1,2,2,3,2,2,99,3,1,0
23,03,Niedersachsen,03155,Northeim,15,140.2,69.7,4,0,305,19428.0,2,5,6,3,3,4,2,2,99,3,1,0
24,03,Niedersachsen,03157,Peine,9,306.9,16.1,1,0,301,37747.7,4,5,8,1,2,2,2,1,99,3,1,0
25,03,Niedersachsen,03158,Wolfenbüttel,9,200.0,45.7,1,0,301,29675.7,4,5,8,1,2,3,2,2,99,3,1,0
26,03,Niedersachsen,03159,Göttingen,12,259.6,18.5,3,1,305,19863.7,4,5,4,1,2,2,2,1,99,3,1,0
27,03,Niedersachsen,03241,Hannover,17,719.2,7.3,10,1,307,41283.4,4,2,8,1,1,2,1,1,99,3,1,0
28,03,Niedersachsen,03251,Diepholz,18,143.0,51.3,4,0,302,22530.1,4,4,8,3,2,3,2,2,99,2,1,0
29,03,Niedersachsen,03252,Hameln-Pyrmont,19,250.3,24.7,2,0,308,29962.4,2,5,6,2,2,3,2,2,99,3,1,0
30,03,Niedersachsen,03254,Hildesheim,20,303.8,24.3,2,1,308,33195.3,4,5,6,1,2,2,2,1,99,3,1,0
31,03,Niedersachsen,03255,Holzminden,21,133.7,51.1,1,0,305,21397.6,2,5,1,3,3,4,2,2,99,3,1,0
32,03,Niedersachsen,03256,Nienburg/Weser,22,114.3,74.0,1,0,307,21459.7,3,4,6,3,3,4,1,2,99,3,1,0
33,03,Niedersachsen,03257,Schaumburg,23,299.0,9.1,4,0,307,34347.7,4,5,1,1,2,2,1,1,99,3,1,0
34,03,Niedersachsen,03351,Celle,24,151.5,46.6,0,1,313,19381.7,4,5,6,3,3,4,3,2,99,3,1,0
35,03,Niedersachsen,03352,Cuxhaven,43,118.5,75.5,2,0,303,17065.9,3,4,1,2,3,4,2,2,5,2,1,0
36,03,Niedersachsen,03353,Harburg,8,250.7,26.6,3,0,306,45959.4,5,4,8,1,2,2,3,1,5,99,1,0
37,03,Niedersachsen,03354,Lüchow-Dannenberg,29,50.8,100.0,1,0,309,6978.2,2,4,1,3,4,4,3,2,5,99,1,0
38,03,Niedersachsen,03355,Lüneburg,25,180.4,35.9,0,1,309,20774.3,4,4,6,3,2,4,3,2,5,99,1,0
39,03,Niedersachsen,03356,Osterholz,42,212.4,25.5,1,0,302,35498.4,4,3,6,1,2,2,2,1,99,2,1,0
40,03,Niedersachsen,03357,Rotenburg (Wümme),26,105.4,86.7,3,0,306,21501.9,4,4,8,3,3,4,3,2,5,99,1,0
41,03,Niedersachsen,03358,Heidekreis,27,98.5,91.6,3,0,313,16666.2,4,5,1,3,3,4,3,2,5,3,1,0
42,03,Niedersachsen,03359,Stade,28,207.3,39.7,2,0,306,33085.4,4,4,8,2,3,3,3,2,5,99,1,0
43,03,Niedersachsen,03360,Uelzen,29,83.4,63.7,1,0,309,12408.2,3,4,1,3,3,4,3,2,5,99,1,0
44,03,Niedersachsen,03361,Verden,30,231.5,34.4,2,0,302,26050.1,4,4,8,2,2,3,2,2,99,2,1,0
45,03,Niedersachsen,03401,Delmenhorst,42,1570.5,0.0,1,0,302,47752.4,4,5,6,1,2,3,2,2,99,2,1,0
46,03,Niedersachsen,03402,Emden,31,753.0,0.0,1,0,312,15783.7,4,5,6,2,3,3,2,2,99,99,1,1
47,03,Niedersachsen,03403,Oldenburg,33,2409.1,0.0,0,1,310,25764.7,5,5,6,1,2,1,2,1,99,2,1,0
48,03,Niedersachsen,03404,Osnabrück,34,2145.9,0.0,0,1,311,33581.0,5,4,8,1,1,1,2,1,99,99,1,0
49,03,Niedersachsen,03405,Wilhelmshaven,35,990.4,0.0,0,1,312,13429.5,2,5,1,1,3,2,2,1,99,2,1,0
50,03,Niedersachsen,03451,Ammerland,32,226.3,27.6,3,0,310,23183.7,5,5,8,1,2,2,2,1,99,2,1,0
51,03,Niedersachsen,03452,Aurich,31,194.6,32.0,2,0,312,13801.2,4,5,6,2,3,3,2,2,99,99,1,1
52,03,Niedersachsen,03453,Cloppenburg,36,162.6,71.7,2,0,310,18563.5,4,7,8,2,3,3,2,2,99,2,1,0
53,03,Niedersachsen,03454,Emsland,37,158.2,60.9,3,0,304,19068.6,4,7,8,3,3,4,3,2,99,99,1,1
54,03,Niedersachsen,03455,Friesland,35,208.3,30.3,2,0,312,16137.1,2,5,1,1,3,2,2,1,99,2,1,2
55,03,Niedersachsen,03456,Grafschaft Bentheim,38,187.4,49.4,1,0,304,27958.4,4,7,8,3,2,4,3,2,99,99,1,1
56,03,Niedersachsen,03457,Leer,39,198.2,24.0,1,0,312,18459.5,4,5,6,2,3,3,2,2,99,99,1,1
57,03,Niedersachsen,03458,Oldenburg,33,154.6,60.9,1,0,310,29211.2,5,5,6,1,2,3,2,2,99,2,1,0
58,03,Niedersachsen,03459,Osnabrück,34,226.3,34.6,4,0,311,29879.2,4,4,8,1,2,3,2,2,99,2,1,0
59,03,Niedersachsen,03460,Vechta,40,257.8,29.6,2,0,311,20993.3,4,7,8,2,2,3,2,2,99,2,1,0
60,03,Niedersachsen,03461,Wesermarsch,41,143.2,45.7,2,0,303,24914.2,2,5,8,3,3,4,2,2,99,2,1,0
61,03,Niedersachsen,03462,Wittmund,35,110.1,100.0,1,0,312,12993.2,3,5,1,1,3,4,2,2,99,99,1,1
62,04,Bremen,04011,Bremen,42,2578.6,0.0,0,1,401,27084.8,4,3,4,1,1,1,1,1,99,2,1,0
63,04,Bremen,04012,Bremerhaven,43,1765.2,0.0,0,1,303,17004.8,4,3,1,2,2,1,2,1,99,2,1,0
64,05,Nordrhein-Westfalen,05111,Düsseldorf,45,4721.4,0.0,0,1,508,139242.2,4,2,8,1,1,1,1,1,99,1,1,0
65,05,Nordrhein-Westfalen,05112,Duisburg,46,2874.4,0.0,0,1,507,131087.8,4,3,7,1,1,1,1,1,3,1,1,2
66,05,Nordrhein-Westfalen,05113,Essen,47,3917.8,0.0,0,1,507,155904.2,4,3,7,1,1,1,1,1,3,1,1,0
67,05,Nordrhein-Westfalen,05114,Krefeld,48,2307.6,0.0,0,1,508,124896.7,4,5,6,1,1,1,1,1,99,1,1,2
68,05,Nordrhein-Westfalen,05116,Mönchengladbach,50,2103.5,0.0,0,1,508,89313.9,4,5,1,1,1,1,1,1,99,1,1,2
69,05,Nordrhein-Westfalen,05117,Mülheim an der Ruhr,47,2529.5,0.0,1,0,507,174292.5,4,3,7,1,1,1,1,1,3,1,1,0
70,05,Nordrhein-Westfalen,05119,Oberhausen,46,3577.1,0.0,1,0,507,150666.2,3,3,6,1,1,1,1,1,3,1,1,0
71,05,Nordrhein-Westfalen,05120,Remscheid,54,2086.4,0.0,1,0,508,121941.6,3,3,6,1,1,1,1,1,99,1,1,0
72,05,Nordrhein-Westfalen,05122,Solingen,52,2355.5,0.0,1,0,508,152059.7,4,3,6,1,1,1,1,1,99,1,1,0
73,05,Nordrhein-Westfalen,05124,Wuppertal,52,2841.0,0.0,0,1,508,139817.0,4,3,6,1,1,1,1,1,99,1,1,0
74,05,Nordrhein-Westfalen,05154,Kleve,55,332.0,9.7,5,0,507,58170.0,4,4,8,1,1,2,1,1,99,99,1,1
75,05,Nordrhein-Westfalen,05158,Mettmann,45,1646.1,0.0,10,0,508,170300.5,4,4,8,1,1,2,1,1,99,1,1,0
76,05,Nordrhein-Westfalen,05162,Rhein-Kreis Neuss,45,1031.7,0.0,6,0,508,132514.9,4,5,8,1,1,2,1,1,6,1,1,2
77,05,Nordrhein-Westfalen,05166,Viersen,49,688.7,0.0,6,0,508,90671.1,4,5,7,1,1,2,1,1,99,1,1,1
78,05,Nordrhein-Westfalen,05170,Wesel,46,569.4,5.9,9,0,507,85169.6,2,4,6,1,1,2,1,1,3,1,1,2
79,05,Nordrhein-Westfalen,05314,Bonn,59,3537.7,0.0,0,1,505,75450.1,4,1,8,1,1,1,1,1,6,1,1,0
80,05,Nordrhein-Westfalen,05315,Köln,57,4034.0,0.0,0,1,510,95178.6,5,2,8,1,1,1,1,1,6,1,1,0
81,05,Nordrhein-Westfalen,05316,Leverkusen,58,2867.1,0.0,1,0,510,151670.0,3,4,8,1,1,1,1,1,6,1,1,0
82,05,Nordrhein-Westfalen,05334,Aachen,56,1080.3,4.9,7,1,501,56860.0,3,5,6,1,1,2,1,1,99,99,1,1
83,05,Nordrhein-Westfalen,05358,Düren,60,366.7,11.6,2,0,501,66898.5,3,5,8,1,1,2,1,1,99,99,1,2
84,05,Nordrhein-Westfalen,05362,Rhein-Erft-Kreis,57,859.6,0.0,9,0,510,104146.3,4,5,8,1,1,2,1,1,6,1,1,0
85,05,Nordrhein-Westfalen,05366,Euskirchen,61,199.1,30.4,3,0,501,36186.5,4,5,8,1,1,2,1,1,99,99,1,1
86,05,Nordrhein-Westfalen,05370,Heinsberg,51,513.7,0.0,6,0,501,75464.2,4,5,6,1,1,2,1,1,99,99,1,1
87,05,Nordrhein-Westfalen,05374,Oberbergischer Kreis,62,409.2,0.0,5,0,510,69888.6,4,4,8,1,1,2,1,1,6,1,1,0
88,05,Nordrhein-Westfalen,05378,Rheinisch-Bergischer Kreis,57,815.2,0.0,3,0,510,121517.7,4,4,8,1,1,2,1,1,6,1,1,0
89,05,Nordrhein-Westfalen,05382,Rhein-Sieg-Kreis,59,654.5,0.0,11,0,505,76063.5,4,1,8,1,1,2,1,1,6,1,1,0
90,05,Nordrhein-Westfalen,05512,Bottrop,63,1500.0,0.0,1,0,509,162390.1,3,3,1,1,1,1,1,1,3,1,1,2
91,05,Nordrhein-Westfalen,05513,Gelsenkirchen,63,3226.6,0.0,1,0,509,152137.1,3,3,1,1,1,1,1,1,3,1,1,0
92,05,Nordrhein-Westfalen,05515,Münster,64,1577.0,0.0,0,1,511,37480.5,5,1,8,1,1,1,2,1,99,99,1,0
93,05,Nordrhein-Westfalen,05554,Borken,65,360.3,6.2,6,0,511,46122.8,4,6,8,1,1,2,2,1,99,99,1,1
94,05,Nordrhein-Westfalen,05558,Coesfeld,64,257.4,17.1,3,0,511,56515.5,4,6,8,1,1,2,2,1,99,99,1,2
95,05,Nordrhein-Westfalen,05562,Recklinghausen,63,1024.7,0.0,10,0,509,106200.3,2,3,4,1,1,2,1,1,3,1,1,2
96,05,Nordrhein-Westfalen,05566,Steinfurt,66,335.1,14.5,7,0,511,35737.6,4,4,8,1,2,2,2,1,99,99,1,2
97,05,Nordrhein-Westfalen,05570,Warendorf,64,278.4,22.2,4,0,511,45228.3,3,1,8,1,2,2,2,1,99,99,1,0
98,05,Nordrhein-Westfalen,05711,Bielefeld,67,1869.0,0.0,0,1,503,43695.5,3,4,6,1,1,1,1,1,99,99,1,0
99,05,Nordrhein-Westfalen,05754,Gütersloh,68,552.1,0.0,4,0,503,47704.0,4,4,8,1,1,2,1,1,99,99,1,0
100,05,Nordrhein-Westfalen,05758,Herford,67,763.0,0.0,4,0,503,48345.0,4,4,6,1,1,2,1,1,99,99,1,0
101,05,Nordrhein-Westfalen,05762,Höxter,44,154.6,57.1,6,0,512,20803.4,2,4,6,2,3,3,2,2,99,99,1,0
102,05,Nordrhein-Westfalen,05766,Lippe,69,368.6,17.4,7,0,503,37836.0,3,5,6,1,2,2,1,1,99,99,1,0
103,05,Nordrhein-Westfalen,05770,Minden-Lübbecke,70,379.5,17.3,6,0,503,31160.3,4,4,8,1,2,2,1,1,99,99,1,0
104,05,Nordrhein-Westfalen,05774,Paderborn,71,338.2,17.5,2,1,512,30035.0,4,4,8,1,2,2,2,1,99,99,1,0
105,05,Nordrhein-Westfalen,05911,Bochum,72,3402.2,0.0,0,1,504,153694.1,3,3,1,1,1,1,1,1,3,1,1,0
106,05,Nordrhein-Westfalen,05913,Dortmund,73,2914.5,0.0,0,1,506,102714.7,4,3,1,1,1,1,1,1,3,1,1,0
107,05,Nordrhein-Westfalen,05914,Hagen,74,1605.6,0.0,0,1,504,104858.6,3,5,1,1,1,1,1,1,3,1,1,0
108,05,Nordrhein-Westfalen,05915,Hamm,73,1046.6,0.0,1,0,506,57123.1,3,3,6,1,1,1,1,1,3,1,1,0
109,05,Nordrhein-Westfalen,05916,Herne,63,3904.5,0.0,1,0,504,154420.6,3,3,1,1,1,1,1,1,3,1,1,0
110,05,Nordrhein-Westfalen,05954,Ennepe-Ruhr-Kreis,53,1050.5,0.0,8,0,504,141232.6,3,5,8,1,1,2,1,1,3,1,1,0
111,05,Nordrhein-Westfalen,05958,Hochsauerlandkreis,76,186.3,67.6,7,0,502,24733.6,2,4,8,2,2,3,2,2,99,99,1,0
112,05,Nordrhein-Westfalen,05962,Märkischer Kreis,75,540.3,1.7,8,0,504,67006.2,1,4,8,1,1,2,1,1,99,1,1,0
113,05,Nordrhein-Westfalen,05966,Olpe,78,269.7,8.6,3,0,513,35282.9,2,6,8,1,2,2,2,1,99,99,1,0
114,05,Nordrhein-Westfalen,05970,Siegen-Wittgenstein,77,346.3,14.4,4,1,513,27442.7,4,6,8,1,2,2,2,1,99,99,1,0
115,05,Nordrhein-Westfalen,05974,Soest,79,309.2,18.8,5,0,502,38237.8,4,4,8,1,2,2,2,1,99,99,1,0
116,05,Nordrhein-Westfalen,05978,Unna,73,956.4,0.0,7,0,506,90832.0,2,3,4,1,1,2,1,1,3,1,1,0
117,06,Hessen,06411,Kreisfreie Stadt Darmstadt,94,2123.6,0.0,0,1,605,79369.0,5,4,8,1,1,1,1,1,4,99,1,0
118,06,Hessen,06412,Kreisfreie Stadt Frankfurt am Main,92,5282.5,0.0,0,1,604,83893.6,5,2,8,1,1,1,1,1,4,99,1,0
119,06,Hessen,06413,Kreisfreie Stadt Offenbach am Main,92,3877.7,0.0,0,1,604,107448.9,5,5,8,1,1,1,1,1,4,99,1,0
120,06,Hessen,06414,Landeshauptstadt Wiesbaden,91,2024.1,0.0,0,1,604,70397.3,4,1,8,1,1,1,1,1,4,99,1,0
121,06,Hessen,06431,Bergstraße,130,474.9,5.2,6,0,605,64742.2,4,4,8,1,1,2,1,1,4,4,1,0
122,06,Hessen,06432,Darmstadt-Dieburg,94,562.6,0.0,5,0,605,70887.9,4,4,8,1,1,2,1,1,4,99,1,0
123,06,Hessen,06433,Groß-Gerau,92,815.5,0.0,3,0,605,87193.3,4,1,8,1,1,2,1,1,4,99,1,0
124,06,Hessen,06434,Hochtaunus,92,681.9,5.0,6,0,604,74921.2,4,1,8,1,1,2,1,1,4,99,1,0
125,06,Hessen,06435,Main-Kinzig,93,394.5,13.3,7,1,604,37992.9,4,4,8,1,1,2,1,1,4,99,1,0
126,06,Hessen,06436,Main-Taunus,92,1508.1,0.0,8,0,604,104007.7,4,1,8,1,1,2,1,1,4,99,1,0
127,06,Hessen,06437,Odenwaldkreis,95,198.3,21.9,2,0,605,44455.3,2,4,8,1,2,2,1,1,4,99,1,0
128,06,Hessen,06438,Offenbach,92,1330.4,0.0,10,0,604,96171.0,5,5,8,1,1,2,1,1,4,99,1,0
129,06,Hessen,06439,Rheingau-Taunus,91,284.8,12.4,6,0,604,53425.1,4,1,8,1,2,2,1,1,4,99,1,0
130,06,Hessen,06440,Wetterau,92,354.1,10.6,6,0,604,49623.6,4,4,8,1,1,2,1,1,4,99,1,0
131,06,Hessen,06531,Gießen,89,423.6,10.2,4,1,601,34272.5,5,4,7,1,2,2,3,1,4,99,1,0
132,06,Hessen,06532,Lahn-Dill,88,324.7,14.5,3,1,601,34047.2,3,4,8,1,2,2,3,1,99,99,1,0
133,06,Hessen,06533,Limburg-Weilburg,90,303.7,12.1,2,0,601,40537.3,4,4,8,1,2,2,3,1,4,99,1,0
134,06,Hessen,06534,Marburg-Biedenkopf,85,266.7,20.1,4,1,601,23100.5,4,4,8,2,2,3,3,2,99,99,1,0
135,06,Hessen,06535,Vogelsberg,86,94.7,100.0,2,0,601,18729.6,2,4,6,3,3,4,3,2,4,99,1,0
136,06,Hessen,06611,Kreisfreie Stadt Kassel,81,2909.2,0.0,0,1,602,26095.0,4,5,8,1,2,1,2,1,99,99,1,0
137,06,Hessen,06631,Fulda,87,227.2,44.4,1,1,603,16226.4,4,6,8,2,3,3,3,2,4,99,1,0
138,06,Hessen,06632,Hersfeld-Rotenburg,84,153.9,45.7,4,0,603,15267.1,3,6,7,3,3,4,3,2,99,99,1,0
139,06,Hessen,06633,Kassel,81,239.8,24.5,4,0,602,25125.6,3,5,8,1,2,2,2,1,99,99,1,0
140,06,Hessen,06634,Schwalm-Eder,83,152.4,50.3,5,0,602,18797.2,2,7,8,2,3,3,2,2,99,99,1,0
141,06,Hessen,06635,Waldeck-Frankenberg,80,118.7,85.0,6,0,602,16780.6,3,7,6,3,3,4,2,2,99,99,1,0
142,06,Hessen,06636,Werra-Meißner,82,125.9,74.2,4,0,602,18315.3,2,5,1,3,3,4,2,2,99,99,1,0
143,07,Rheinland-Pfalz,07111,Stadt Koblenz,100,1773.0,0.0,0,1,701,35224.4,5,7,8,1,2,1,2,1,99,99,1,0
144,07,Rheinland-Pfalz,07131,Ahrweiler,99,206.4,32.8,4,0,701,37639.6,4,7,8,2,2,3,2,2,99,99,1,0
145,07,Rheinland-Pfalz,07132,Altenkirchen (Ww),96,258.3,17.7,4,0,701,40240.0,2,4,8,1,2,2,2,1,99,99,1,0
146,07,Rheinland-Pfalz,07133,Bad Kreuznach,101,242.8,46.0,4,0,702,26719.0,3,4,6,2,2,3,2,2,99,99,1,0
147,07,Rheinland-Pfalz,07134,Birkenfeld,102,138.6,64.9,3,0,702,19686.5,2,4,6,3,3,4,2,2,99,99,1,0
148,07,Rheinland-Pfalz,07135,Cochem-Zell,103,116.6,100.0,2,0,701,18102.3,2,7,6,3,3,4,2,2,99,99,1,0
149,07,Rheinland-Pfalz,07137,Mayen-Koblenz,100,343.7,7.6,4,0,701,32009.6,4,7,8,1,2,2,2,1,99,99,1,0
150,07,Rheinland-Pfalz,07138,Neuwied,98,384.8,0.0,3,0,701,45849.6,4,4,8,1,2,2,2,1,99,99,1,0
151,07,Rheinland-Pfalz,07140,Rhein-Hunsrück-Kreis,104,141.4,85.2,4,0,701,22040.6,3,4,7,2,3,3,2,2,99,99,1,0
152,07,Rheinland-Pfalz,07141,Rhein-Lahn-Kreis,100,197.1,43.4,5,0,701,35790.9,2,7,8,1,2,2,2,1,99,99,1,0
153,07,Rheinland-Pfalz,07143,Westerwaldkreis,97,271.3,28.4,6,0,701,35318.2,3,7,8,1,2,2,2,1,99,99,1,0
154,07,Rheinland-Pfalz,07211,Stadt Trier,105,1411.5,0.0,0,1,704,20639.2,4,7,8,2,2,1,3,1,99,99,1,2
155,07,Rheinland-Pfalz,07231,Bernkastel-Wittlich,106,130.3,83.1,3,0,704,16314.0,3,7,8,3,3,4,3,2,99,99,1,2
156,07,Rheinland-Pfalz,07232,Eifelkreis Bitburg-Prüm,108,77.5,84.9,3,0,704,13070.3,4,7,8,3,3,4,3,2,99,99,1,1
157,07,Rheinland-Pfalz,07233,Vulkaneifel,107,87.9,100.0,2,0,704,15240.3,2,7,8,3,3,4,3,2,99,99,1,2
158,07,Rheinland-Pfalz,07235,Trier-Saarburg,105,162.3,59.5,3,0,704,23840.9,4,7,8,2,3,3,3,2,99,99,1,1
159,07,Rheinland-Pfalz,07311,Stadt Frankenthal (Pfalz),114,1480.1,0.0,1,0,703,74232.7,4,4,8,1,1,2,1,1,99,4,1,0
160,07,Rheinland-Pfalz,07312,Stadt Kaiserslautern,109,1090.7,0.0,0,1,705,26503.2,4,5,5,2,2,2,2,1,99,99,1,2
161,07,Rheinland-Pfalz,07313,Stadt Landau in der Pfalz,110,823.6,0.0,1,0,703,40792.2,4,4,8,1,1,2,1,1,99,4,1,2
162,07,Rheinland-Pfalz,07314,Stadt Ludwigshafen a. Rh.,114,3493.7,0.0,0,1,703,76802.5,4,4,8,1,1,1,1,1,99,4,1,0
163,07,Rheinland-Pfalz,07315,Stadt Mainz,111,3342.7,0.0,0,1,702,73994.4,5,1,8,1,1,1,2,1,4,99,1,0
164,07,Rheinland-Pfalz,07316,Stadt Neustadt a.d. W.,114,603.3,0.0,1,0,703,47414.8,4,4,8,1,1,2,1,1,99,4,1,2
165,07,Rheinland-Pfalz,07317,Stadt Pirmasens,113,995.7,0.0,1,0,705,24586.8,2,5,1,2,2,3,2,2,99,99,1,2
166,07,Rheinland-Pfalz,07318,Stadt Speyer,114,1872.4,0.0,1,0,703,68472.5,4,4,8,1,1,2,1,1,99,4,1,0
167,07,Rheinland-Pfalz,07319,Stadt Worms,112,1070.2,0.0,1,0,702,59792.1,4,1,8,1,1,2,2,1,4,4,1,0
168,07,Rheinland-Pfalz,07320,Stadt Zweibrücken,113,694.2,0.0,1,0,705,31980.3,2,5,1,2,2,3,2,2,99,99,1,2
169,07,Rheinland-Pfalz,07331,Alzey-Worms,112,268.1,19.3,1,0,702,52357.9,4,1,8,1,1,2,2,1,4,99,1,0
170,07,Rheinland-Pfalz,07332,Bad Dürkheim,114,275.9,9.2,3,0,703,48676.1,4,4,8,1,1,2,1,1,99,4,1,0
171,07,Rheinland-Pfalz,07333,Donnersbergkreis,109,150.0,82.4,3,0,705,34135.2,2,5,5,2,2,3,2,2,99,99,1,0
172,07,Rheinland-Pfalz,07334,Germersheim,115,373.0,14.0,3,0,703,50373.0,4,4,8,1,2,2,1,1,99,4,1,1
173,07,Rheinland-Pfalz,07335,Kaiserslautern,109,204.1,28.7,1,0,705,29764.9,4,5,5,2,2,2,2,1,99,99,1,2
174,07,Rheinland-Pfalz,07336,Kusel,109,145.0,58.7,2,0,705,25636.8,2,5,8,2,2,3,2,2,99,99,1,2
175,07,Rheinland-Pfalz,07337,Südliche Weinstraße,110,220.6,37.0,4,0,703,39521.9,4,4,8,1,2,2,1,1,99,4,1,1
176,07,Rheinland-Pfalz,07338,Rhein-Pfalz-Kreis,114,593.3,0.0,1,0,703,71021.8,4,4,8,1,1,2,1,1,99,4,1,0
177,07,Rheinland-Pfalz,07339,Mainz-Bingen,111,436.2,7.1,5,0,702,56228.5,5,1,8,1,1,2,2,1,4,99,1,0
178,07,Rheinland-Pfalz,07340,Südwestpfalz,113,115.9,100.0,1,0,705,26917.0,2,5,4,2,2,3,2,2,99,99,1,1
179,08,Baden-Württemberg,08111,Stuttgart,120,5007.1,0.0,0,1,810,84325.4,5,1,8,1,1,1,1,1,9,5,1,0
180,08,Baden-Württemberg,08115,Böblingen,120,917.0,0.0,4,0,810,75692.7,5,1,8,1,1,2,1,1,9,5,1,0
181,08,Baden-Württemberg,08116,Esslingen,120,1163.4,0.0,3,0,810,80386.7,5,6,8,1,1,2,1,1,9,5,1,0
182,08,Baden-Württemberg,08117,Göppingen,121,536.5,4.7,2,0,810,48815.4,5,6,8,1,2,2,1,1,9,5,1,0
183,08,Baden-Württemberg,08118,Ludwigsburg,120,1078.2,0.0,5,0,810,84278.5,5,6,8,1,1,2,1,1,9,5,1,0
184,08,Baden-Württemberg,08119,Rems-Murr-Kreis,120,667.4,4.0,4,0,810,66526.0,5,6,8,1,1,2,1,1,9,5,1,0
185,08,Baden-Württemberg,08121,Heilbronn,122,1959.9,0.0,0,1,803,53110.6,5,6,8,1,1,1,2,1,9,99,1,0
186,08,Baden-Württemberg,08125,Heilbronn,122,434.3,3.9,1,0,803,50749.0,5,6,8,1,2,2,2,1,9,99,1,0
187,08,Baden-Württemberg,08126,Hohenlohekreis,123,215.5,28.7,2,0,803,26872.8,4,6,8,2,2,3,2,2,9,99,1,0
188,08,Baden-Württemberg,08127,Schwäbisch Hall,123,185.4,48.7,2,0,803,23377.7,4,6,8,2,3,3,2,2,9,99,1,0
189,08,Baden-Württemberg,08128,Main-Tauber-Kreis,124,143.4,48.1,3,0,803,18529.1,4,6,8,3,3,4,2,2,9,99,1,0
190,08,Baden-Württemberg,08135,Heidenheim,125,291.2,18.5,1,0,808,26994.9,4,6,8,1,2,2,2,1,9,99,1,0
191,08,Baden-Württemberg,08136,Ostalbkreis,126,288.3,30.7,3,0,808,27540.4,4,6,8,1,2,2,2,1,9,99,1,0
192,08,Baden-Württemberg,08211,Baden-Baden,127,609.2,0.0,1,0,805,38695.7,4,1,8,1,2,2,1,1,99,99,1,2
193,08,Baden-Württemberg,08212,Karlsruhe,128,2815.2,0.0,0,1,805,51347.3,5,1,8,1,1,1,1,1,99,99,1,2
194,08,Baden-Württemberg,08215,Karlsruhe,128,548.2,1.1,3,0,805,61390.8,4,1,8,1,1,2,1,1,99,99,1,2
195,08,Baden-Württemberg,08216,Rastatt,127,434.2,2.1,4,0,805,42113.1,4,1,8,1,2,2,1,1,99,99,1,1
196,08,Baden-Württemberg,08221,Heidelberg,129,2312.2,0.0,0,1,812,63277.9,5,1,8,1,1,1,1,1,99,4,1,0
197,08,Baden-Württemberg,08222,Mannheim,130,3403.2,0.0,0,1,812,72396.4,5,1,8,1,1,1,1,1,99,4,1,0
198,08,Baden-Württemberg,08225,Neckar-Odenwald-Kreis,131,168.2,63.3,2,0,812,28901.3,4,6,8,2,3,3,1,2,99,4,1,0
199,08,Baden-Württemberg,08226,Rhein-Neckar-Kreis,129,674.4,0.0,6,0,812,62497.9,4,1,8,1,1,2,1,1,99,4,1,0
200,08,Baden-Württemberg,08231,Pforzheim,132,1855.8,0.0,0,1,807,59360.4,5,6,8,1,1,1,2,1,9,99,1,0
201,08,Baden-Württemberg,08235,Calw,133,255.1,25.1,3,0,807,47066.6,4,6,8,1,2,2,2,1,9,99,1,0
202,08,Baden-Württemberg,08236,Enzkreis,132,451.9,0.0,1,0,807,64709.9,4,6,8,1,2,2,2,1,9,99,1,0
203,08,Baden-Württemberg,08237,Freudenstadt,134,188.0,54.3,2,0,807,29506.4,4,6,8,2,3,3,2,2,9,99,1,0
204,08,Baden-Württemberg,08311,Freiburg im Breisgau,135,2304.7,0.0,0,1,811,33060.7,4,1,8,1,1,1,2,1,99,99,1,2
205,08,Baden-Württemberg,08315,Breisgau-Hochschwarzwald,135,249.1,30.2,5,0,811,33335.4,5,1,8,1,2,2,2,1,99,99,1,1
206,08,Baden-Württemberg,08316,Emmendingen,135,317.5,7.2,2,0,811,33266.2,4,1,8,1,2,2,2,1,99,99,1,1
207,08,Baden-Württemberg,08317,Ortenaukreis,136,323.7,16.1,6,1,811,35849.6,4,6,8,1,2,2,2,1,99,99,1,1
208,08,Baden-Württemberg,08325,Rottweil,137,252.8,26.3,2,0,809,27398.3,4,6,8,1,2,2,2,1,99,99,1,0
209,08,Baden-Württemberg,08326,Schwarzwald-Baar-Kreis,138,290.1,19.6,1,1,809,26477.4,4,6,8,1,2,2,2,1,99,99,1,1
210,08,Baden-Württemberg,08327,Tuttlingen,139,277.3,16.6,1,0,809,26836.3,5,6,8,1,3,2,2,1,99,99,1,2
211,08,Baden-Württemberg,08335,Konstanz,140,470.1,13.4,3,1,804,32964.5,5,7,8,1,2,2,2,1,99,99,1,1
212,08,Baden-Württemberg,08336,Lörrach,141,380.6,13.3,2,2,804,43618.8,5,6,8,1,2,2,2,1,99,99,1,1
213,08,Baden-Württemberg,08337,Waldshut,142,198.5,22.8,2,0,804,36234.4,5,6,8,2,2,3,2,2,99,99,1,1
214,08,Baden-Württemberg,08415,Reutlingen,143,364.3,18.0,2,1,806,41774.4,5,6,8,1,2,2,2,1,9,99,1,0
215,08,Baden-Württemberg,08416,Tübingen,143,587.0,0.0,1,1,806,54123.4,5,6,8,1,2,2,2,1,9,99,1,0
216,08,Baden-Württemberg,08417,Zollernalbkreis,144,278.5,27.6,3,0,806,30982.0,4,6,8,1,3,2,2,1,9,99,1,0
217,08,Baden-Württemberg,08421,Ulm,145,1849.9,0.0,0,1,802,29879.0,4,6,8,1,2,1,2,1,99,99,1,0
218,08,Baden-Württemberg,08425,Alb-Donau-Kreis,145,182.6,50.1,3,0,802,31393.9,4,6,8,1,2,3,2,2,99,99,1,0
219,08,Baden-Württemberg,08426,Biberach,146,199.0,47.7,3,0,802,23274.5,5,6,8,2,3,3,2,2,99,99,1,0
220,08,Baden-Württemberg,08435,Bodenseekreis,147,458.4,8.1,1,1,801,32383.4,4,7,8,1,2,2,2,1,99,99,1,1
221,08,Baden-Württemberg,08436,Ravensburg,148,244.3,39.0,3,2,801,24059.4,5,7,8,1,3,2,2,1,99,99,1,2
222,08,Baden-Württemberg,08437,Sigmaringen,149,146.9,70.3,3,0,801,23417.6,4,6,8,2,3,3,2,2,99,99,1,2
223,09,Freistaat Bayern,09161,Ingolstadt,160,1806.9,0.0,0,1,907,22756.4,5,7,8,2,2,1,2,1,1,99,1,0
224,09,Freistaat Bayern,09162,München,159,7423.1,0.0,0,1,910,54047.6,5,1,8,1,1,1,1,1,1,99,1,0
225,09,Freistaat Bayern,09163,Rosenheim,154,2647.0,0.0,0,1,916,27203.1,5,7,8,1,2,2,3,1,1,99,1,2
226,09,Freistaat Bayern,09171,Altötting,152,274.6,22.8,0,3,916,18815.0,4,8,8,1,3,2,3,1,1,99,1,1
227,09,Freistaat Bayern,09172,Berchtesgadener Land,150,167.0,35.3,2,2,916,17225.0,4,8,8,2,3,3,3,2,99,99,1,1
228,09,Freistaat Bayern,09173,Bad Tölz-Wolfratshausen,155,147.0,47.9,4,0,913,26684.6,5,7,8,3,2,4,3,2,1,99,1,1
229,09,Freistaat Bayern,09174,Dachau,159,334.6,20.6,1,0,910,63019.7,5,7,8,1,1,2,1,1,1,99,1,0
230,09,Freistaat Bayern,09175,Ebersberg,159,328.7,18.4,3,0,910,50852.0,5,7,8,1,1,2,1,1,1,99,1,0
231,09,Freistaat Bayern,09176,Eichstätt,160,141.0,60.7,2,0,907,20406.6,5,7,8,2,3,3,2,2,1,99,1,0
232,09,Freistaat Bayern,09177,Erding,159,207.6,51.1,2,1,910,38390.6,5,7,8,1,2,3,1,2,1,99,1,0
233,09,Freistaat Bayern,09178,Freising,159,323.6,28.4,3,1,910,42930.8,5,7,8,1,2,2,1,1,1,99,1,0
234,09,Freistaat Bayern,09179,Fürstenfeldbruck,159,614.9,3.4,2,0,910,64588.0,5,7,8,1,1,2,1,1,1,99,1,0
235,09,Freistaat Bayern,09180,Garmisch-Partenkirchen,156,115.1,76.3,3,1,913,13777.2,5,7,8,3,3,4,3,2,1,99,1,1
236,09,Freistaat Bayern,09181,Landsberg am Lech,158,194.2,51.9,1,0,910,32963.5,5,7,8,2,2,3,1,2,1,99,1,0
237,09,Freistaat Bayern,09182,Miesbach,155,154.9,43.7,8,0,913,25129.5,5,7,8,3,2,3,3,2,1,99,1,1
238,09,Freistaat Bayern,09183,Mühldorf a.Inn,153,191.6,44.6,0,2,916,22039.8,5,8,8,3,3,4,3,2,1,99,1,2
239,09,Freistaat Bayern,09184,München,159,859.5,6.4,1,0,910,83672.7,5,1,8,1,1,2,1,1,1,99,1,0
240,09,Freistaat Bayern,09185,Neuburg-Schrobenhausen,160,173.6,45.6,2,0,907,25533.9,5,7,8,2,3,3,2,2,1,99,1,0
241,09,Freistaat Bayern,09186,Pfaffenhofen a.d.Ilm,160,218.8,39.6,1,0,907,30751.0,5,7,8,2,2,3,2,2,1,99,1,0
242,09,Freistaat Bayern,09187,Rosenheim,154,236.8,31.7,3,0,916,25225.7,5,7,8,1,2,2,3,1,1,99,1,1
243,09,Freistaat Bayern,09188,Starnberg,159,378.1,2.7,1,0,910,58075.3,5,7,8,1,1,2,1,1,1,99,1,0
244,09,Freistaat Bayern,09189,Traunstein,151,158.3,59.9,2,1,916,18740.8,5,8,8,3,3,4,3,2,1,99,1,1
245,09,Freistaat Bayern,09190,Weilheim-Schongau,157,188.2,39.6,4,1,913,22521.6,4,7,8,2,3,3,3,2,1,99,1,2
246,09,Freistaat Bayern,09261,Landshut,162,1664.1,0.0,0,1,908,24316.5,5,8,8,2,2,3,3,2,1,99,1,0
247,09,Freistaat Bayern,09262,Passau,165,1297.5,0.0,0,1,905,15157.4,4,8,8,2,3,3,3,2,99,99,1,1
248,09,Freistaat Bayern,09263,Straubing,169,1138.9,0.0,0,1,905,15762.9,5,8,8,3,3,4,3,2,99,99,1,0
249,09,Freistaat Bayern,09271,Deggendorf,168,195.3,49.5,1,2,905,14540.2,4,8,8,3,3,4,3,2,99,99,1,2
250,09,Freistaat Bayern,09272,Freyung-Grafenau,166,104.6,100.0,3,0,905,10628.0,5,8,4,3,4,4,3,2,99,99,1,1
251,09,Freistaat Bayern,09273,Kelheim,161,149.8,40.7,4,0,915,21261.3,5,7,8,2,3,3,2,2,1,99,1,0
252,09,Freistaat Bayern,09274,Landshut,162,152.5,75.0,2,0,908,21492.1,5,8,8,2,3,3,3,2,1,99,1,0
253,09,Freistaat Bayern,09275,Passau,165,163.1,66.4,6,0,905,14809.5,4,8,8,2,3,3,3,2,99,99,1,1
254,09,Freistaat Bayern,09276,Regen,167,107.3,73.6,3,0,905,10923.6,3,8,4,3,4,4,3,2,99,99,1,1
255,09,Freistaat Bayern,09277,Rottal-Inn,164,123.8,63.6,4,0,908,15258.4,4,8,8,3,3,4,3,2,99,99,1,1
256,09,Freistaat Bayern,09278,Straubing-Bogen,169,105.0,86.8,2,0,905,16035.3,5,8,8,3,3,4,3,2,99,99,1,0
257,09,Freistaat Bayern,09279,Dingolfing-Landau,163,167.7,60.9,1,1,908,15556.3,5,8,8,2,3,3,3,2,1,99,1,0
258,09,Freistaat Bayern,09361,Amberg,173,1383.7,0.0,0,1,914,16491.6,4,8,8,3,3,4,3,2,8,99,1,0
259,09,Freistaat Bayern,09362,Regensburg,171,3372.5,0.0,0,1,915,21787.5,5,7,8,2,2,1,2,1,99,99,1,0
260,09,Freistaat Bayern,09363,Weiden i.d.OPf.,175,994.5,0.0,0,1,914,12762.7,2,8,6,3,3,4,3,2,8,99,1,2
261,09,Freistaat Bayern,09371,Amberg-Sulzbach,173,104.4,66.2,1,0,914,17096.2,4,8,8,3,3,4,3,2,8,99,1,0
262,09,Freistaat Bayern,09372,Cham,170,117.8,84.1,4,1,915,11484.1,4,8,4,3,4,4,2,2,99,99,1,1
263,09,Freistaat Bayern,09373,Neumarkt i.d.OPf.,174,134.7,64.2,4,1,915,20709.7,5,7,8,3,2,4,2,2,8,99,1,0
264,09,Freistaat Bayern,09374,Neustadt a.d.Waldnaab,175,87.5,79.1,6,0,914,12702.0,2,8,4,3,3,4,3,2,8,99,1,1
265,09,Freistaat Bayern,09375,Regensburg,171,171.0,35.9,2,0,915,20802.1,5,7,8,2,2,3,2,2,99,99,1,0
266,09,Freistaat Bayern,09376,Schwandorf,172,137.4,67.6,10,0,914,13662.0,4,8,4,3,3,4,3,2,99,99,1,1
267,09,Freistaat Bayern,09377,Tirschenreuth,176,90.1,100.0,5,1,914,12067.5,2,8,4,3,3,4,3,2,8,99,1,1
268,09,Freistaat Bayern,09461,Bamberg,179,2403.1,0.0,0,1,912,24015.0,4,7,8,2,2,3,3,2,8,99,1,0
269,09,Freistaat Bayern,09462,Bayreuth,178,1817.1,0.0,0,1,911,16485.9,4,7,8,3,2,4,3,2,8,99,1,0
270,09,Freistaat Bayern,09463,Coburg,182,1550.4,0.0,0,1,912,17525.0,3,7,8,2,3,3,3,2,8,99,1,0
271,09,Freistaat Bayern,09464,Hof,177,1212.6,0.0,0,1,911,15678.3,2,7,1,2,3,3,3,2,8,99,1,2
272,09,Freistaat Bayern,09471,Bamberg,179,157.9,38.3,2,0,912,22794.2,4,7,8,2,2,3,3,2,8,99,1,0
273,09,Freistaat Bayern,09472,Bayreuth,178,99.9,77.4,4,0,911,17627.5,4,7,8,3,3,4,3,2,8,99,1,0
274,09,Freistaat Bayern,09473,Coburg,182,195.5,38.0,2,0,912,17231.2,3,7,8,2,3,3,3,2,8,99,1,0
275,09,Freistaat Bayern,09474,Forchheim,184,227.8,33.5,1,1,912,31120.8,4,7,8,1,2,3,3,2,8,99,1,0
276,09,Freistaat Bayern,09475,Hof,177,149.1,74.9,4,0,911,15879.1,2,7,4,2,3,3,3,2,8,99,1,1
277,09,Freistaat Bayern,09476,Kronach,181,142.8,56.1,2,0,912,15806.9,2,7,8,2,3,3,3,2,8,99,1,0
278,09,Freistaat Bayern,09477,Kulmbach,180,150.2,54.9,1,1,911,16931.5,2,7,8,3,3,4,3,2,8,99,1,0
279,09,Freistaat Bayern,09478,Lichtenfels,183,182.8,31.0,5,0,912,18424.6,2,7,8,2,3,3,3,2,8,99,1,0
280,09,Freistaat Bayern,09479,Wunsiedel i.Fichtelgebirge,176,169.0,39.1,0,3,911,14499.1,2,7,4,3,3,4,3,2,8,99,1,1
281,09,Freistaat Bayern,09561,Ansbach,187,688.2,0.0,0,1,917,20083.0,4,7,8,3,2,4,3,2,8,99,1,0
282,09,Freistaat Bayern,09562,Erlangen,184,2603.3,0.0,0,1,906,49628.8,5,6,8,1,1,1,1,1,8,99,1,0
283,09,Freistaat Bayern,09563,Fürth,185,2749.7,0.0,0,1,906,59309.5,5,6,8,1,1,1,1,1,8,99,1,0
284,09,Freistaat Bayern,09564,Nürnberg,185,4402.7,0.0,0,1,906,42047.7,4,1,8,1,1,1,1,1,8,99,1,0
285,09,Freistaat Bayern,09565,Schwabach,185,1392.8,0.0,0,1,906,50276.4,4,1,8,1,2,3,1,2,8,99,1,0
286,09,Freistaat Bayern,09571,Ansbach,187,123.5,72.7,6,0,917,20118.7,4,7,8,3,3,4,3,2,8,99,1,0
287,09,Freistaat Bayern,09572,Erlangen-Höchstadt,184,330.0,6.7,2,0,906,41243.1,4,6,8,1,2,2,1,1,8,99,1,0
288,09,Freistaat Bayern,09573,Fürth,185,457.1,3.6,3,0,906,47752.7,4,6,8,1,2,2,1,1,8,99,1,0
289,09,Freistaat Bayern,09574,Nürnberger Land,185,279.9,16.4,5,0,906,35249.3,4,1,8,1,2,2,1,1,8,99,1,0
290,09,Freistaat Bayern,09575,Neustadt a.d.Aisch-Bad Windsheim,188,104.3,71.6,3,0,917,20711.3,4,6,8,3,3,4,3,2,8,99,1,0
291,09,Freistaat Bayern,09576,Roth,185,183.2,41.5,3,0,906,30408.5,4,7,8,1,2,3,1,2,8,99,1,0
292,09,Freistaat Bayern,09577,Weißenburg-Gunzenhausen,186,130.7,60.5,3,0,917,18370.4,4,7,8,3,3,4,3,2,8,99,1,0
293,09,Freistaat Bayern,09661,Aschaffenburg,196,1842.2,0.0,0,1,903,48325.5,4,7,8,1,1,2,3,1,4,99,1,0
294,09,Freistaat Bayern,09662,Schweinfurt,191,2978.6,0.0,0,1,909,19983.1,4,7,8,2,2,3,3,2,99,99,1,0
295,09,Freistaat Bayern,09663,Würzburg,190,2452.7,0.0,0,1,918,22690.1,4,7,8,1,2,1,2,1,99,99,1,0
296,09,Freistaat Bayern,09671,Aschaffenburg,196,322.7,3.6,4,0,903,42797.6,4,7,8,1,1,2,3,1,4,99,1,0
297,09,Freistaat Bayern,09672,Bad Kissingen,194,120.9,67.4,2,1,909,15594.2,2,7,8,3,3,4,3,2,99,99,1,0
298,09,Freistaat Bayern,09673,Rhön-Grabfeld,193,108.7,80.7,2,1,909,13152.1,2,7,8,3,3,4,3,2,99,99,1,0
299,09,Freistaat Bayern,09674,Haßberge,192,116.8,73.7,2,0,909,16807.7,2,7,8,3,3,4,3,2,8,99,1,0
300,09,Freistaat Bayern,09675,Kitzingen,189,178.7,48.9,2,0,918,19691.7,4,7,8,2,2,3,2,2,8,99,1,0
301,09,Freistaat Bayern,09676,Miltenberg,196,239.4,20.1,6,0,903,32797.5,4,7,8,1,2,2,3,1,4,99,1,0
302,09,Freistaat Bayern,09677,Main-Spessart,195,130.7,56.1,4,0,918,21150.3,2,7,8,3,3,4,2,2,99,99,1,0
303,09,Freistaat Bayern,09678,Schweinfurt,191,167.8,54.4,1,0,909,19281.7,4,7,8,2,2,3,3,2,99,99,1,0
304,09,Freistaat Bayern,09679,Würzburg,190,206.5,28.9,1,0,918,22381.2,4,7,8,1,2,2,2,1,99,99,1,0
305,09,Freistaat Bayern,09761,Augsburg,200,2968.9,0.0,0,1,902,34644.5,5,4,8,1,1,1,2,1,1,99,1,0
306,09,Freistaat Bayern,09762,Kaufbeuren,202,1539.4,0.0,0,1,901,20299.2,5,7,8,3,3,4,3,2,1,99,1,2
307,09,Freistaat Bayern,09763,Kempten (Allgäu),203,1666.8,0.0,0,1,901,18620.5,4,7,8,3,2,4,3,2,99,99,1,2
308,09,Freistaat Bayern,09764,Memmingen,201,1051.0,0.0,0,1,904,20227.7,5,7,8,2,2,3,3,2,99,99,1,0
309,09,Freistaat Bayern,09771,Aichach-Friedberg,200,215.2,40.2,2,0,902,36564.1,4,4,8,1,2,3,2,2,1,99,1,0
310,09,Freistaat Bayern,09772,Augsburg,200,301.2,28.0,7,0,902,35175.2,4,4,8,1,2,2,2,1,1,99,1,0
311,09,Freistaat Bayern,09773,Dillingen a.d.Donau,198,161.8,68.9,1,2,902,23503.4,4,7,8,2,3,3,2,2,1,99,1,0
312,09,Freistaat Bayern,09774,Günzburg,199,230.3,29.4,3,2,904,26680.0,4,7,8,2,2,3,3,2,99,99,1,0
313,09,Freistaat Bayern,09775,Neu-Ulm,145,458.1,9.3,4,1,904,28322.8,4,7,8,1,2,2,3,1,99,99,1,0
314,09,Freistaat Bayern,09776,Lindau (Bodensee),204,348.1,17.6,1,1,901,25612.7,5,7,8,1,2,2,3,1,99,99,1,1
315,09,Freistaat Bayern,09777,Ostallgäu,202,133.1,68.7,3,0,901,18274.9,5,7,8,3,3,4,3,2,1,99,1,1
316,09,Freistaat Bayern,09778,Unterallgäu,201,155.8,60.6,2,0,904,22405.9,5,7,8,2,3,3,3,2,99,99,1,0
317,09,Freistaat Bayern,09779,Donau-Ries,197,152.0,66.3,1,2,902,18189.7,4,7,8,3,3,4,2,2,1,99,1,0
318,09,Freistaat Bayern,09780,Oberallgäu,203,135.0,53.4,1,2,901,15840.1,4,7,8,3,3,4,3,2,99,99,1,1
319,10,Saarland,10041,Regionalverband Saarbrücken,118,1170.5,0.0,1,1,1001,41591.4,3,4,6,1,1,2,1,1,99,99,1,1
320,10,Saarland,10042,Landkreis Merzig-Wadern,116,241.1,23.4,2,0,1001,28382.4,3,4,8,1,2,2,1,1,99,99,1,1
321,10,Saarland,10043,Landkreis Neunkirchen,118,691.7,0.0,1,0,1001,40474.1,2,4,4,1,2,2,1,1,99,99,1,2
322,10,Saarland,10044,Landkreis Saarlouis,118,581.0,0.0,3,0,1001,37213.1,2,4,4,1,2,2,1,1,99,99,1,1
323,10,Saarland,10045,Saarpfalz-Kreis,119,499.4,4.4,3,0,1001,36164.1,2,4,8,1,2,2,1,1,99,99,1,1
324,10,Saarland,10046,Landkreis St. Wendel,117,240.8,21.1,1,0,1001,29081.6,2,4,8,1,2,2,1,1,99,99,1,2
325,11,Berlin,11000,Berlin,205,5655.8,0.0,0,1,1101,28113.1,5,9,4,1,1,1,1,1,2,99,2,0
326,12,Brandenburg,12051,Brandenburg an der Havel,206,440.3,0.0,0,1,1201,15371.0,4,10,2,2,3,3,3,2,2,99,2,0
327,12,Brandenburg,12052,Cottbus,207,886.1,0.0,0,1,1202,9519.3,2,11,3,3,3,3,3,2,2,99,2,2
328,12,Brandenburg,12053,Frankfurt (Oder),208,580.4,0.0,0,1,1203,10315.7,2,11,3,3,3,4,3,2,2,99,2,1
329,12,Brandenburg,12054,Potsdam,206,1380.9,0.0,0,1,1201,72949.6,5,10,2,2,1,1,3,1,2,99,2,0
330,12,Brandenburg,12060,Barnim,209,155.4,38.0,2,0,1205,41590.6,4,12,3,2,2,3,3,2,2,99,2,1
331,12,Brandenburg,12061,Dahme-Spreewald,210,100.3,43.1,4,0,1202,26151.7,5,11,2,3,2,4,3,2,2,99,2,0
332,12,Brandenburg,12062,Elbe-Elster,211,71.9,76.4,4,0,1202,10804.0,1,11,2,3,4,4,3,2,2,99,2,0
333,12,Brandenburg,12063,Havelland,206,118.2,39.6,3,0,1201,29337.7,5,11,2,2,2,4,3,2,2,99,2,0
334,12,Brandenburg,12064,Märkisch-Oderland,208,112.5,44.6,4,0,1203,27863.4,3,11,3,3,2,4,3,2,2,99,2,1
335,12,Brandenburg,12065,Oberhavel,212,146.8,28.4,4,0,1204,35437.3,5,11,2,3,2,4,3,2,2,99,2,0
336,12,Brandenburg,12066,Oberspreewald-Lausitz,207,124.3,59.7,5,0,1202,12463.6,1,11,2,3,3,4,3,2,2,99,2,0
337,12,Brandenburg,12067,Oder-Spree,208,103.5,49.7,4,0,1203,20627.8,2,11,3,3,3,4,3,2,2,99,2,1
338,12,Brandenburg,12068,Ostprignitz-Ruppin,213,53.3,100.0,3,0,1204,8774.4,3,11,2,3,4,4,3,2,2,99,2,0
339,12,Brandenburg,12069,Potsdam-Mittelmark,206,105.8,41.8,4,0,1201,25803.8,4,10,2,2,2,3,3,2,2,99,2,0
340,12,Brandenburg,12070,Prignitz,214,48.7,77.7,3,0,1204,4865.1,2,11,2,3,4,4,3,2,2,99,2,0
341,12,Brandenburg,12071,Spree-Neiße,207,91.8,69.2,3,0,1202,11288.9,2,11,3,3,4,3,3,2,2,99,2,1
342,12,Brandenburg,12072,Teltow-Fläming,210,108.4,44.0,4,0,1201,31193.0,5,10,2,3,2,4,3,2,2,99,2,0
343,12,Brandenburg,12073,Uckermark,215,51.7,100.0,3,0,1205,8351.1,2,12,3,3,4,4,3,2,2,99,2,1
344,13,Mecklenburg-Vorpommern,13003,"Rostock, Hansestadt",216,1637.1,0.0,0,1,1302,8807.5,4,11,2,2,2,1,3,1,99,99,2,0
345,13,Mecklenburg-Vorpommern,13004,"Schwerin, Landeshauptstadt",217,1119.9,0.0,0,1,1304,10242.8,3,11,2,3,3,3,3,2,99,99,2,0
346,13,Mecklenburg-Vorpommern,13071,Mecklenburgische Seenplatte,218,64.4,75.3,3,1,1301,6077.4,2,12,2,3,4,4,3,2,99,99,2,0
347,13,Mecklenburg-Vorpommern,13072,Landkreis Rostock,216,82.2,69.2,3,0,1302,8585.8,3,11,2,2,4,4,3,2,99,99,2,0
348,13,Mecklenburg-Vorpommern,13073,Vorpommern-Rügen,219,92.9,62.7,3,1,1303,7197.4,3,12,2,3,4,4,3,2,99,99,2,1
349,13,Mecklenburg-Vorpommern,13074,Nordwestmecklenburg,217,95.8,66.0,2,0,1304,13934.4,3,11,2,3,3,3,3,2,5,99,2,0
350,13,Mecklenburg-Vorpommern,13075,Vorpommern-Greifswald,220,81.0,57.9,4,1,1303,7939.1,2,12,3,3,4,4,3,2,99,99,2,1
351,13,Mecklenburg-Vorpommern,13076,Ludwigslust-Parchim,217,58.2,83.6,3,0,1304,8951.3,2,11,2,3,3,4,3,2,5,99,2,0
352,14,Sachsen,14511,Chemnitz,221,1640.0,0.0,0,1,1403,27408.4,4,9,2,1,1,1,2,1,7,99,2,2
353,14,Sachsen,14521,Erzgebirgskreis,222,249.2,35.6,9,0,1403,25924.7,1,10,2,1,3,2,2,1,99,99,2,1
354,14,Sachsen,14522,Mittelsachsen,223,197.8,43.2,3,0,1403,26669.2,1,10,2,2,2,3,2,2,99,99,2,1
355,14,Sachsen,14523,Vogtlandkreis,224,219.9,31.1,6,1,1403,19849.4,2,10,2,2,3,3,2,2,99,99,2,1
356,14,Sachsen,14524,Zwickau,225,468.2,11.0,7,1,1403,32686.0,2,10,2,1,2,2,2,1,7,99,2,2
357,14,Sachsen,14612,Dresden,226,2465.4,0.0,0,1,1401,25519.5,4,9,2,1,1,1,1,1,99,99,2,2
358,14,Sachsen,14625,Bautzen,227,173.1,34.6,2,2,1402,20229.9,1,11,2,2,3,3,3,2,99,99,2,1
359,14,Sachsen,14626,Görlitz,228,161.5,29.5,4,1,1402,14897.7,2,11,3,3,3,4,3,2,99,99,2,1
360,14,Sachsen,14627,Meißen,229,228.1,39.6,5,0,1401,26741.0,2,11,2,2,3,3,1,2,99,99,2,0
361,14,Sachsen,14628,Sächsische Schweiz-Osterzgebirge,226,195.5,45.5,3,0,1401,30495.0,2,10,2,1,2,3,1,2,99,99,2,1
362,14,Sachsen,14713,Leipzig,230,2835.9,0.0,0,1,1404,27205.0,5,9,1,1,1,1,1,1,7,99,2,0
363,14,Sachsen,14729,Leipzig,230,202.7,47.0,4,0,1404,33029.1,2,11,1,1,2,3,1,2,7,99,2,0
364,14,Sachsen,14730,Nordsachsen,230,133.0,40.1,5,0,1404,22900.8,2,11,1,1,3,4,1,2,99,99,2,0
365,15,Sachsen-Anhalt,15001,Dessau-Roßlau,231,473.3,0.0,0,1,1502,14030.5,1,11,2,1,3,3,3,2,7,99,2,0
366,15,Sachsen-Anhalt,15002,Halle (Saale),232,2476.8,0.0,0,1,1503,27923.8,4,9,2,1,1,1,2,1,7,99,2,0
367,15,Sachsen-Anhalt,15003,Magdeburg,233,1728.7,0.0,0,1,1504,16172.5,4,11,2,2,2,1,3,1,99,99,2,0
368,15,Sachsen-Anhalt,15081,Altmarkkreis Salzwedel,234,48.7,100.0,1,0,1501,7226.6,2,11,2,2,4,3,3,2,99,99,2,0
369,15,Sachsen-Anhalt,15082,Anhalt-Bitterfeld,235,149.5,50.6,3,0,1502,18820.2,1,11,2,2,3,3,3,2,99,99,2,0
370,15,Sachsen-Anhalt,15083,Börde,233,98.4,87.9,2,0,1504,16753.9,1,11,2,2,3,4,3,2,99,99,2,0
371,15,Sachsen-Anhalt,15084,Burgenlandkreis,236,170.3,43.9,3,0,1503,24901.9,2,12,2,2,3,3,2,2,7,99,2,0
372,15,Sachsen-Anhalt,15085,Harz,237,137.6,50.3,3,0,1504,15635.6,2,11,2,2,3,3,3,2,99,99,2,0
373,15,Sachsen-Anhalt,15086,Jerichower Land,233,74.8,90.7,1,0,1504,12785.4,2,11,2,2,3,4,3,2,99,99,2,0
374,15,Sachsen-Anhalt,15087,Mansfeld-Südharz,238,124.0,61.8,2,0,1503,15610.8,1,12,2,3,3,4,2,2,99,99,2,0
375,15,Sachsen-Anhalt,15088,Saalekreis,232,177.3,63.0,1,0,1503,29529.3,2,9,2,1,2,3,2,2,7,99,2,0
376,15,Sachsen-Anhalt,15089,Salzlandkreis,239,179.1,34.5,4,0,1504,18945.5,1,11,2,2,3,3,3,2,99,99,2,0
377,15,Sachsen-Anhalt,15090,Stendal,240,61.5,100.0,1,0,1501,6917.5,2,11,2,3,4,4,3,2,99,99,2,0
378,15,Sachsen-Anhalt,15091,Wittenberg,241,87.6,63.5,1,0,1502,12333.7,1,11,2,3,3,4,3,2,7,99,2,0
379,16,Thüringen,16051,Erfurt,242,1194.5,0.0,0,1,1601,16790.1,4,10,2,1,2,1,2,1,99,99,2,0
380,16,Thüringen,16052,Gera,243,862.5,0.0,0,1,1603,22542.0,2,11,2,1,2,2,2,1,7,99,2,0
381,16,Thüringen,16053,Jena,244,1449.0,0.0,0,1,1603,20156.7,3,10,2,1,2,1,2,1,7,99,2,0
382,16,Thüringen,16054,Suhl,245,495.5,0.0,1,0,1604,15132.1,2,10,2,3,3,4,3,2,99,99,2,0
383,16,Thüringen,16055,Weimar,246,1046.9,0.0,1,0,1601,22155.9,3,10,2,1,2,2,2,1,99,99,2,0
384,16,Thüringen,16056,Eisenach,247,638.5,0.0,1,0,1604,15097.5,2,10,2,3,3,4,3,2,99,99,2,0
385,16,Thüringen,16061,Eichsfeld,248,145.0,64.8,2,0,1602,16573.8,2,10,2,2,3,3,3,2,99,99,2,0
386,16,Thüringen,16062,Nordhausen,249,161.3,50.4,1,0,1602,13670.4,2,10,2,3,3,4,3,2,99,99,2,0
387,16,Thüringen,16063,Wartburgkreis,247,126.2,60.7,1,0,1604,15381.0,2,10,2,3,3,4,3,2,99,99,2,0
388,16,Thüringen,16064,Unstrut-Hainich-Kreis,250,142.0,68.0,2,0,1602,15896.8,2,10,2,3,3,4,3,2,99,99,2,0
389,16,Thüringen,16065,Kyffhäuserkreis,251,92.8,92.9,2,0,1602,14016.0,2,10,2,3,4,4,3,2,99,99,2,0
390,16,Thüringen,16066,Schmalkalden-Meiningen,252,137.3,51.2,3,0,1604,14916.2,2,10,2,3,3,4,3,2,99,99,2,0
391,16,Thüringen,16067,Gotha,253,197.1,43.9,1,0,1601,19985.0,2,10,2,2,3,3,2,2,99,99,2,0
392,16,Thüringen,16068,Sömmerda,242,116.3,73.1,1,0,1601,19142.2,2,10,2,1,3,4,2,2,99,99,2,0
393,16,Thüringen,16069,Hildburghausen,245,89.5,81.6,1,0,1604,14519.1,1,10,2,3,3,4,3,2,99,99,2,0
394,16,Thüringen,16070,Ilm-Kreis,254,174.7,46.7,2,0,1601,19366.9,2,10,2,3,3,4,2,2,99,99,2,0
395,16,Thüringen,16071,Weimarer Land,246,134.1,73.0,1,0,1601,23045.9,3,10,2,1,3,2,2,1,99,99,2,0
396,16,Thüringen,16072,Sonneberg,255,179.0,51.9,3,0,1604,16298.2,2,10,2,3,3,4,3,2,8,99,2,0
397,16,Thüringen,16073,Saalfeld-Rudolstadt,256,138.9,47.4,3,0,1603,16385.8,1,10,2,3,3,4,2,2,99,99,2,0
398,16,Thüringen,16074,Saale-Holzland-Kreis,244,134.7,55.3,4,0,1603,22646.0,2,10,2,1,3,3,2,2,99,99,2,0
399,16,Thüringen,16075,Saale-Orla-Kreis,257,97.1,85.3,3,0,1603,15710.0,1,11,2,3,3,4,2,2,99,99,2,2
400,16,Thüringen,16076,Greiz,243,153.0,60.4,2,0,1603,23393.0,2,11,2,1,3,2,2,1,99,99,2,0
401,16,Thüringen,16077,Altenburger Land,258,207.5,36.8,3,0,1603,30007.3,1,11,2,2,3,3,2,2,7,99,2,0
